game_date,game_number,opp_team,opp_runs,tor_runs,game_park_id,game_park_factor,tor_home,tor_atbats,tor_hits,tor_doubles,tor_triples,tor_homeruns,tor_rbi,tor_walks,opp_pitcher_start_id,opp_pitcher_start_name,opp_pitcher_whip_game,opp_pitcher_whip_todate,opp_team_der_game,opp_team_der_todate,tor_batting_1_id,tor_batting_1_name,tor_batting_1_pos,tor_batting_2_id,tor_batting_2_name,tor_batting_2_pos,tor_batting_3_id,tor_batting_3_name,tor_batting_3_pos,tor_batting_4_id,tor_batting_4_name,tor_batting_4_pos,tor_batting_5_id,tor_batting_5_name,tor_batting_5_pos,tor_batting_6_id,tor_batting_6_name,tor_batting_6_pos,tor_batting_7_id,tor_batting_7_name,tor_batting_7_pos,tor_batting_8_id,tor_batting_8_name,tor_batting_8_pos,tor_batting_9_id,tor_batting_9_name,tor_batting_9_pos,galvf001,bichb001,gurrl001,fishd001,pillk001,hernt002,davij007,gricr001,mckib001,smoaj001,tellr001,sogae001,biggc002,guerv002,drurb001,jansd001,maill001,mcgur002,galvf001_ops_game,bichb001_ops_game,gurrl001_ops_game,fishd001_ops_game,pillk001_ops_game,hernt002_ops_game,davij007_ops_game,gricr001_ops_game,mckib001_ops_game,smoaj001_ops_game,tellr001_ops_game,sogae001_ops_game,biggc002_ops_game,guerv002_ops_game,drurb001_ops_game,jansd001_ops_game,maill001_ops_game,mcgur002_ops_game,galvf001_ops_todate,bichb001_ops_todate,gurrl001_ops_todate,fishd001_ops_todate,pillk001_ops_todate,hernt002_ops_todate,davij007_ops_todate,gricr001_ops_todate,mckib001_ops_todate,smoaj001_ops_todate,tellr001_ops_todate,sogae001_ops_todate,biggc002_ops_todate,guerv002_ops_todate,drurb001_ops_todate,jansd001_ops_todate,maill001_ops_todate,mcgur002_ops_todate
20190328,1,DET,2,0,TOR02,1.031,1,32,2,0,0,0,0,1,zimmj003,Jordan Zimmermann,0.143,0,0.92,0,drurb001,Brandon Drury,5,gricr001,Randal Grichuk,9,hernt002,Teoscar Hernandez,7,smoaj001,Justin Smoak,3,gurrl001,Lourdes Gurriel,4,pillk001,Kevin Pillar,8,tellr001,Rowdy Tellez,10,jansd001,Danny Jansen,2,galvf001,Freddy Galvis,6,1,0,1,0,1,1,0,1,0,1,1,0,0,0,1,1,0,0,0,0,0,0,0,0.5,0,0,0,0,0.333,0,0,0,0.5,0,0,0,0,0,0,0,0,0,0,0,0,0,0,0,0,0,0,0,0,0
20190329,2,DET,0,6,TOR02,1.031,1,31,7,0,1,0,5,3,boydm001,Matt Boyd,1.2,0,0.632,0.92,drurb001,Brandon Drury,5,gricr001,Randal Grichuk,10,smoaj001,Justin Smoak,3,hernt002,Teoscar Hernandez,7,gurrl001,Lourdes Gurriel,4,pillk001,Kevin Pillar,8,mckib001,Billy McKinney,9,galvf001,Freddy Galvis,6,maill001,Luke Maile,2,1,0,1,0,1,1,0,1,1,1,0,0,0,0,1,0,1,0,1.333,0,0.25,0,0,0.5,0,0.25,0.5,1,0,0,0,0,1,0,0.333,0,0,0,0,0,0,0.5,0,0,0,0,0,0,0,0,0.5,0,0,0
20190330,3,DET,0,3,TOR02,1.031,1,28,6,2,0,1,3,4,turns003,Spencer Turnbull,1.2,0,0.762,0.795,drurb001,Brandon Drury,5,mckib001,Billy McKinney,9,hernt002,Teoscar Hernandez,7,smoaj001,Justin Smoak,3,jansd001,Danny Jansen,2,tellr001,Rowdy Tellez,10,pillk001,Kevin Pillar,8,galvf001,Freddy Galvis,6,urenr001,Richard Urena,4,1,0,0,0,1,1,0,0,1,1,1,0,0,0,1,1,0,0,0.75,0,0,0,0,0.5,0,0,0.833,1.833,0.5,0,0,0,0.75,0.5,0,0,0.667,0,0,0,0,0.5,0,0,0.5,0.5,0.333,0,0,0,0.75,0,0,0
20190331,4,DET,4,3,TOR02,1.031,1,39,8,2,0,1,3,1,moorm003,Matt Moore,0.429,0,0.75,0.785,jansd001,Danny Jansen,10,drurb001,Brandon Drury,5,smoaj001,Justin Smoak,3,gricr001,Randal Grichuk,9,hernt002,Teoscar Hernandez,7,gurrl001,Lourdes Gurriel,4,pillk001,Kevin Pillar,8,urenr001,Richard Urena,6,maill001,Luke Maile,2,0,0,1,0,1,1,0,1,0,1,0,0,0,0,1,1,1,0,0,0,0,0,0.5,0,0,0.2,0,0.2,0,0,0,0,0.4,0.4,0,0,0,0,0.125,0,0,0.533,0,0.2,0,0.879,0,0,0,0,0.75,0.286,0.333,0
20190401,5,BAL,6,5,TOR02,1.031,1,31,6,1,1,2,5,2,hessd001,David Hess,0.164,1.5,0.8,0.642,mckib001,Billy McKinney,9,drurb001,Brandon Drury,5,smoaj001,Justin Smoak,3,gricr001,Randal Grichuk,8,tellr001,Rowdy Tellez,10,hernt002,Teoscar Hernandez,7,gurrl001,Lourdes Gurriel,4,jansd001,Danny Jansen,2,galvf001,Freddy Galvis,6,1,0,1,0,0,1,0,1,1,1,1,0,0,0,1,1,0,0,1.667,0,0,0,0,1,0,2,0.25,0.25,0.667,0,0,0,0.5,0,0,0,0.818,0,0.083,0,0,0.369,0,0.2,0.661,0.694,1.5,0,0,0,0.647,0.333,0,0
20190402,6,BAL,2,1,TOR02,1.031,1,31,6,0,0,1,1,4,casha001,Andrew Cashner,1.167,2.5,0.808,0.678,drurb001,Brandon Drury,5,mckib001,Billy McKinney,9,hernt002,Teoscar Hernandez,7,smoaj001,Justin Smoak,3,jansd001,Danny Jansen,2,tellr001,Rowdy Tellez,10,alfoa002,Anthony Alford,8,galvf001,Freddy Galvis,6,urenr001,Richard Urena,4,1,0,0,0,0,1,0,0,1,1,1,0,0,0,1,1,0,0,0.5,0,0,0,0,0.5,0,0,0,1,1.833,0,0,0,0.5,0.25,0,0,1,0,0,0,0,0.501,0,0,0.533,0.619,1.159,0,0,0,0.619,0.267,0,0
20190403,7,BAL,3,5,TOR02,1.031,1,31,10,3,0,2,4,2,karnn001,Nathan Karns,1.5,2,0.667,0.708,mckib001,Billy McKinney,9,gricr001,Randal Grichuk,8,smoaj001,Justin Smoak,10,hernt002,Teoscar Hernandez,7,tellr001,Rowdy Tellez,3,gurrl001,Lourdes Gurriel,4,galvf001,Freddy Galvis,6,urenr001,Richard Urena,5,maill001,Luke Maile,2,1,0,1,0,0,1,0,1,1,1,1,0,0,0,0,0,1,0,0,0,1.25,0,0,0.833,0,3.25,0,0.25,0.5,0,0,0,0,0,1.667,0,0.889,0,0.063,0,0,0.518,0,0.603,0.393,0.684,1.362,0,0,0,0,0,0.2,0
20190404,8,CLE,4,1,CLE08,0.972,0,30,3,1,0,0,1,8,bauet001,Trevor Bauer,0.857,0.286,0.824,0.696,drurb001,Brandon Drury,5,brits001,Socrates Brito,9,gricr001,Randal Grichuk,8,tellr001,Rowdy Tellez,10,jansd001,Danny Jansen,2,mckib001,Billy McKinney,7,gurrl001,Lourdes Gurriel,3,galvf001,Freddy Galvis,6,hansa001,Alen Hanson,4,1,0,1,0,0,0,0,1,1,0,1,0,0,0,1,1,0,0,2,0,0,0,0,0,0,0.2,0.5,0,0.2,0,0,0,0.2,0.25,0,0,0.762,0,0.308,0,0,0,0,1.095,0.311,0,1.126,0,0,0,0.6,0.269,0,0
20190405,9,CLE,3,2,CLE08,0.972,0,30,3,1,0,1,2,3,biebs001,Shane Bieber,0.667,1,0.867,0.713,brits001,Socrates Brito,9,hernt002,Teoscar Hernandez,7,mckib001,Billy McKinney,10,gricr001,Randal Grichuk,8,tellr001,Rowdy Tellez,3,drurb001,Brandon Drury,5,galvf001,Freddy Galvis,6,urenr001,Richard Urena,4,maill001,Luke Maile,2,1,0,0,0,0,1,0,1,1,0,1,0,0,0,1,0,1,0,1.667,0,0,0,0,0.25,0,0,0.333,0,0.25,0,0,0,0.5,0,0,0,0.9,0,0,0,0,0.653,0,0.95,0.35,0,0.919,0,0,0,0.544,0,0.804,0
20190406,10,CLE,7,2,CLE08,0.972,0,37,10,4,0,1,2,1,carrc003,Carlos Carrasco,1.4,2.683,0.591,0.729,galvf001,Freddy Galvis,6,hernt002,Teoscar Hernandez,7,smoaj001,Justin Smoak,10,gricr001,Randal Grichuk,8,tellr001,Rowdy Tellez,3,drurb001,Brandon Drury,5,jansd001,Danny Jansen,2,mckib001,Billy McKinney,9,gurrl001,Lourdes Gurriel,4,1,0,1,0,0,1,0,1,1,1,1,0,0,0,1,1,0,0,1.4,0,0.25,0,0,0.8,0,0.75,1.25,0.6,1.167,0,0,0,0,0.75,0,0,0.993,0,0.255,0,0,0.609,0,0.824,0.35,0.63,0.822,0,0,0,0.538,0.269,0,0
20190407,11,CLE,3,1,CLE08,0.972,0,29,3,2,0,0,1,2,clevm001,Mike Clevinger,0.4,0.571,0.769,0.711,brits001,Socrates Brito,9,galvf001,Freddy Galvis,6,gricr001,Randal Grichuk,8,tellr001,Rowdy Tellez,3,hernt002,Teoscar Hernandez,10,mckib001,Billy McKinney,7,hansa001,Alen Hanson,4,urenr001,Richard Urena,5,jansd001,Danny Jansen,2,1,0,0,0,0,1,0,1,1,0,1,0,0,0,0,1,0,0,0.75,0,0,0,0,0,0,0,1,0,0,0,0,0,0,0.667,0,0,1.061,0,0,0,0,0.636,0,0.816,0.483,0,0.858,0,0,0,0,0.345,0,0
20190409,12,BOS,5,7,BOS07,1.063,0,35,10,2,0,0,5,2,salec001,Chris Sale,1.75,1.444,0.63,0.693,galvf001,Freddy Galvis,6,hernt002,Teoscar Hernandez,7,drurb001,Brandon Drury,5,gricr001,Randal Grichuk,8,jansd001,Danny Jansen,2,gurrl001,Lourdes Gurriel,10,urenr001,Richard Urena,4,hansa001,Alen Hanson,3,mckib001,Billy McKinney,9,1,0,1,0,0,1,0,1,1,0,0,0,0,0,1,1,0,0,1,0,1.25,0,0,0.2,0,0.8,1.417,0,0,0,0,0,0.2,0.5,0,0,1.025,0,0.249,0,0,0.587,0,0.73,0.535,0,0,0,0,0,0.456,0.379,0,0
20190411,13,BOS,7,6,BOS07,1.063,0,31,8,0,0,3,6,5,eovan001,Nathan Eovaldi,2,1.8,0.722,0.687,mckib001,Billy McKinney,7,galvf001,Freddy Galvis,6,smoaj001,Justin Smoak,10,gricr001,Randal Grichuk,8,tellr001,Rowdy Tellez,3,jansd001,Danny Jansen,2,drurb001,Brandon Drury,5,gurrl001,Lourdes Gurriel,4,brits001,Socrates Brito,9,1,0,1,0,0,0,0,1,1,1,1,0,0,0,1,1,0,0,2.75,0,1.25,0,0,0,0,0.25,0,1.833,1.75,0,0,0,0,0.5,0,0,1.022,0,0.375,0,0,0,0,0.737,0.623,0.627,0.795,0,0,0,0.433,0.393,0,0
20190412,14,TBA,11,7,TOR02,1.031,1,35,9,3,0,1,6,4,stanr002,Ryne Stanek,0,0.833,0.652,0.733,mckib001,Billy McKinney,9,galvf001,Freddy Galvis,6,smoaj001,Justin Smoak,3,gricr001,Randal Grichuk,8,hernt002,Teoscar Hernandez,7,gurrl001,Lourdes Gurriel,10,urenr001,Richard Urena,5,hansa001,Alen Hanson,4,maill001,Luke Maile,2,1,0,1,0,0,1,0,1,1,1,0,0,0,0,0,0,1,0,0.6,0,1,0,0,1.25,0,0.833,0,0.4,0,0,0,0,0,0,1.75,0,1.179,0,0.455,0,0,0.554,0,0.704,0.546,0.74,0,0,0,0,0,0,0.573,0
20190413,15,TBA,1,3,TOR02,1.031,1,28,5,2,0,0,3,3,snelb001,Blake Snell,0.333,0.895,0.643,0.727,galvf001,Freddy Galvis,6,smoaj001,Justin Smoak,10,hernt002,Teoscar Hernandez,7,gricr001,Randal Grichuk,8,gurrl001,Lourdes Gurriel,4,drurb001,Brandon Drury,5,tellr001,Rowdy Tellez,3,hansa001,Alen Hanson,9,maill001,Luke Maile,2,1,0,1,0,0,1,0,1,0,1,1,0,0,0,1,0,1,0,0,0,1,0,0,0.5,0,0.75,0,1.25,0,0,0,0,0,0,1.167,0,1.12,0,0.5,0,0,0.616,0,0.715,0,0.714,0.894,0,0,0,0.396,0,0.905,0
20190414,16,TBA,8,4,TOR02,1.031,1,35,8,2,0,2,4,4,mortc002,Charlie Morton,1.667,1.063,0.727,0.723,mckib001,Billy McKinney,7,galvf001,Freddy Galvis,6,smoaj001,Justin Smoak,3,gricr001,Randal Grichuk,8,tellr001,Rowdy Tellez,10,gurrl001,Lourdes Gurriel,4,brits001,Socrates Brito,9,drurb001,Brandon Drury,5,jansd001,Danny Jansen,2,1,0,1,0,0,0,0,1,1,1,1,0,0,0,1,1,0,0,1.4,0,0,0,0,0,0,0.4,2.2,1.3,0,0,0,0,0,0.25,0,0,1.036,0,0.538,0,0,0,0,0.718,0.496,0.756,0.818,0,0,0,0.373,0.402,0,0
20190415,17,MIN,3,5,MIN04,0.975,0,35,11,4,0,1,5,2,perem004,Martin Perez,1.5,2.703,0.615,0.725,mckib001,Billy McKinney,9,galvf001,Freddy Galvis,6,gricr001,Randal Grichuk,8,smoaj001,Justin Smoak,3,hernt002,Teoscar Hernandez,7,drurb001,Brandon Drury,5,hansa001,Alen Hanson,4,jansd001,Danny Jansen,10,maill001,Luke Maile,2,1,0,0,0,0,1,0,1,1,1,0,0,0,0,1,1,1,0,0.4,0,0,0,0,2.25,0,2,0,1.75,0,0,0,0,1.167,0.5,0,0,1.068,0,0,0,0,0.584,0,0.691,0.677,0.804,0,0,0,0,0.346,0.39,0.951,0
20190416,18,MIN,5,6,MIN04,0.975,0,34,9,1,0,0,6,6,gibsk002,Kyle Gibson,1.373,2.262,0.654,0.716,sogae001,Eric Sogard,5,galvf001,Freddy Galvis,6,gricr001,Randal Grichuk,9,smoaj001,Justin Smoak,3,hernt002,Teoscar Hernandez,7,tellr001,Rowdy Tellez,10,hansa001,Alen Hanson,4,brits001,Socrates Brito,8,jansd001,Danny Jansen,2,1,0,0,0,0,1,0,1,0,1,1,1,0,0,0,1,0,0,0.4,0,0,0,0,0.833,0,0.6,0,0.933,0.5,1.4,0,0,0,0.5,0,0,1.014,0,0,0,0,0.705,0,0.774,0,0.87,0.774,0,0,0,0,0.401,0,0
20190417,19,MIN,4,1,MIN04,0.975,0,33,8,0,0,0,1,1,odorj001,Jake Odorizzi,1.346,1.25,0.652,0.711,sogae001,Eric Sogard,4,galvf001,Freddy Galvis,6,gricr001,Randal Grichuk,8,smoaj001,Justin Smoak,3,hernt002,Teoscar Hernandez,7,tellr001,Rowdy Tellez,10,drurb001,Brandon Drury,5,mckib001,Billy McKinney,9,maill001,Luke Maile,2,1,0,0,0,0,1,0,1,1,1,1,1,0,0,1,0,1,0,1,0,0,0,0,0.5,0,0.5,0.667,0.5,0,0.833,0,0,0.5,0,0,0,0.969,0,0,0,0,0.713,0,0.78,0.614,0.877,0.747,1.4,0,0,0.394,0,0.768,0
20190418,20,MIN,4,7,MIN04,0.975,0,35,9,1,0,3,7,1,pinem001,Michael Pineda,2.5,1,0.769,0.707,sogae001,Eric Sogard,4,galvf001,Freddy Galvis,6,gricr001,Randal Grichuk,8,smoaj001,Justin Smoak,10,hernt002,Teoscar Hernandez,7,tellr001,Rowdy Tellez,3,drurb001,Brandon Drury,5,mckib001,Billy McKinney,9,jansd001,Danny Jansen,2,1,0,0,0,0,1,0,1,1,1,1,1,0,0,1,1,0,0,0,0,0,0,0,1.25,0,1.75,0.5,1.25,0.5,1.25,0,0,0.25,0.5,0,0,0.97,0,0,0,0,0.7,0,0.764,0.617,0.851,0.681,1.181,0,0,0.401,0.409,0,0
20190419,21,OAK,1,5,OAK01,0.887,0,33,7,3,0,1,5,3,brooa001,Aaron Brooks,1.6,1.118,0.727,0.74,sogae001,Eric Sogard,4,galvf001,Freddy Galvis,6,gricr001,Randal Grichuk,10,smoaj001,Justin Smoak,3,hernt002,Teoscar Hernandez,7,mckib001,Billy McKinney,9,drurb001,Brandon Drury,5,brits001,Socrates Brito,8,jansd001,Danny Jansen,2,1,0,0,0,0,1,0,1,1,1,0,1,0,0,1,1,0,0,0,0,0,0,0,0.25,0,0,1.25,0.75,0,0.5,0,0,1.25,1.167,0,0,0.919,0,0,0,0,0.735,0,0.818,0.609,0.883,0,1.205,0,0,0.394,0.416,0,0
20190420,22,OAK,1,10,OAK01,0.887,0,40,15,3,0,3,10,3,fierm001,Michael Fiers,2.903,1.604,0.538,0.739,sogae001,Eric Sogard,4,galvf001,Freddy Galvis,6,gricr001,Randal Grichuk,8,smoaj001,Justin Smoak,10,hernt002,Teoscar Hernandez,7,tellr001,Rowdy Tellez,3,drurb001,Brandon Drury,5,mckib001,Billy McKinney,9,maill001,Luke Maile,2,1,0,0,0,0,1,0,1,1,1,1,1,0,0,1,0,1,0,0.8,0,0,0,0,0.833,0,0,1.15,1.75,2,0.667,0,0,2.55,0,0.25,0,0.874,0,0,0,0,0.713,0,0.776,0.649,0.876,0.666,1.033,0,0,0.444,0,0.671,0
20190421,23,OAK,4,5,OAK01,0.887,0,37,13,2,0,1,5,2,andeb004,Brett Anderson,2.273,1.245,0.571,0.73,hansa001,Alen Hanson,4,galvf001,Freddy Galvis,6,gricr001,Randal Grichuk,8,smoaj001,Justin Smoak,3,hernt002,Teoscar Hernandez,7,drurb001,Brandon Drury,5,tellr001,Rowdy Tellez,10,jansd001,Danny Jansen,2,mckib001,Billy McKinney,9,1,0,0,0,0,1,0,1,1,1,1,0,0,0,1,1,0,0,0.8,0,0,0,0,0,0,0.4,0.667,2.2,1,0,0,0,1.25,1.167,0,0,0.869,0,0,0,0,0.719,0,0.73,0.68,0.932,0.791,0,0,0,0.567,0.462,0,0
20190423,24,SFN,7,6,TOR02,1.031,1,36,9,1,1,2,6,2,samaj001,Jeff Samardzija,1.176,1.179,0.72,0.726,sogae001,Eric Sogard,4,urenr001,Richard Urena,6,gricr001,Randal Grichuk,9,smoaj001,Justin Smoak,3,tellr001,Rowdy Tellez,10,drurb001,Brandon Drury,5,mckib001,Billy McKinney,7,brits001,Socrates Brito,8,maill001,Luke Maile,2,0,0,0,0,0,0,0,1,1,1,1,1,0,0,1,0,1,0,0,0,0,0,0,0,0,1,0.5,0.25,2,1.4,0,0,0,0,0,0,0,0,0,0,0,0,0,0.711,0.679,1.021,0.804,0.935,0,0,0.602,0,0.622,0
20190424,25,SFN,4,0,TOR02,1.031,1,28,2,0,0,0,0,2,pomed001,Drew Pomeranz,0.667,1.648,0.895,0.725,sogae001,Eric Sogard,4,drurb001,Brandon Drury,5,smoaj001,Justin Smoak,10,gricr001,Randal Grichuk,8,tellr001,Rowdy Tellez,3,hernt002,Teoscar Hernandez,7,jansd001,Danny Jansen,2,urenr001,Richard Urena,6,hansa001,Alen Hanson,9,0,0,0,0,0,1,0,1,0,1,1,1,0,0,1,1,0,0,0,0,0,0,0,0.667,0,0,0,0,0.333,0.5,0,0,0,0,0,0,0,0,0,0,0,0.666,0,0.723,0,0.987,0.885,1.005,0,0,0.573,0.502,0,0
20190426,26,OAK,2,4,TOR02,1.031,1,33,8,1,0,2,4,1,fierm001,Michael Fiers,0.857,1.77,0.76,0.716,sogae001,Eric Sogard,6,smoaj001,Justin Smoak,3,gricr001,Randal Grichuk,8,tellr001,Rowdy Tellez,10,guerv002,Vladimir Guerrero,5,mckib001,Billy McKinney,9,hernt002,Teoscar Hernandez,7,drurb001,Brandon Drury,4,jansd001,Danny Jansen,2,0,0,0,0,0,1,0,1,1,1,1,1,0,1,1,1,0,0,0,0,0,0,0,0.5,0,0.5,0,0.5,0,2.417,0,0.75,1.25,0.667,0,0,0,0,0,0,0,0.666,0,0.7,0.67,0.938,0.867,0.94,0,0,0.546,0.478,0,0
20190427,27,OAK,1,7,TOR02,1.031,1,34,12,4,0,0,6,5,andeb004,Brett Anderson,2.927,1.333,0.538,0.718,sogae001,Eric Sogard,6,smoaj001,Justin Smoak,3,gricr001,Randal Grichuk,8,guerv002,Vladimir Guerrero,5,hernt002,Teoscar Hernandez,7,drurb001,Brandon Drury,4,tellr001,Rowdy Tellez,10,jansd001,Danny Jansen,2,hansa001,Alen Hanson,9,0,0,0,0,0,1,0,1,0,1,1,1,0,1,1,1,0,0,0,0,0,0,0,0,0,1.4,0,0.65,0.5,1.75,0,0.65,2.333,0.917,0,0,0,0,0,0,0,0.658,0,0.692,0,0.917,0.815,1.081,0,0.75,0.578,0.487,0,0
20190428,28,OAK,4,5,TOR02,1.031,1,45,11,2,0,2,5,2,bassc001,Chris Bassitt,0.429,1.2,0.719,0.712,sogae001,Eric Sogard,6,smoaj001,Justin Smoak,10,gricr001,Randal Grichuk,8,tellr001,Rowdy Tellez,3,guerv002,Vladimir Guerrero,5,mckib001,Billy McKinney,7,drurb001,Brandon Drury,4,brits001,Socrates Brito,9,maill001,Luke Maile,2,0,0,0,0,0,0,0,1,1,1,1,1,0,1,1,0,1,0,0,0,0,0,0,0,0,0.4,0.4,0.333,0.6,1.667,0,0.5,1.4,0,0,0,0,0,0,0,0,0,0,0.726,0.644,0.904,0.797,1.132,0,0.708,0.642,0,0.56,0
20190430,29,ANA,4,3,ANA01,1.018,0,31,5,1,0,1,2,3,canng001,Griffin Canning,1.22,0,0.8,0.711,sogae001,Eric Sogard,4,galvf001,Freddy Galvis,6,gricr001,Randal Grichuk,8,smoaj001,Justin Smoak,10,guerv002,Vladimir Guerrero,5,tellr001,Rowdy Tellez,3,drurb001,Brandon Drury,9,hernt002,Teoscar Hernandez,7,maill001,Luke Maile,2,1,0,0,0,0,1,0,1,0,1,1,1,0,1,1,0,1,0,0.5,0,0,0,0,1,0,1,0,0.25,0,0,0,0.5,1.25,0,0,0,0.859,0,0,0,0,0.616,0,0.711,0,0.868,0.784,1.21,0,0.641,0.681,0,0.526,0
20190501,30,ANA,6,3,ANA01,1.018,0,36,6,1,0,2,3,1,bardl001,Luke Bard,0,1.176,0.818,0.714,galvf001,Freddy Galvis,6,gricr001,Randal Grichuk,8,smoaj001,Justin Smoak,3,tellr001,Rowdy Tellez,10,guerv002,Vladimir Guerrero,5,drurb001,Brandon Drury,4,mckib001,Billy McKinney,9,hernt002,Teoscar Hernandez,7,jansd001,Danny Jansen,2,1,0,0,0,0,1,0,1,1,1,1,0,0,1,1,1,0,0,0,0,0,0,0,0,0,1.25,0,0.75,2.417,0,0,0,0,1,0,0,0.844,0,0,0,0,0.628,0,0.721,0.615,0.847,0.745,0,0,0.639,0.704,0.509,0,0
20190502,31,ANA,6,2,ANA01,1.018,0,32,6,3,0,0,2,3,skagt001,Tyler Skaggs,1.167,1.295,0.714,0.717,sogae001,Eric Sogard,4,galvf001,Freddy Galvis,6,gricr001,Randal Grichuk,8,smoaj001,Justin Smoak,3,drurb001,Brandon Drury,5,tellr001,Rowdy Tellez,10,hernt002,Teoscar Hernandez,7,jansd001,Danny Jansen,2,hansa001,Alen Hanson,9,1,0,0,0,0,1,0,1,0,1,1,1,0,0,1,1,0,0,0,0,0,0,0,0.25,0,1.25,0,0.833,1.25,0.25,0,0,0.75,0,0,0,0.802,0,0,0,0,0.603,0,0.739,0,0.844,0.811,1.156,0,0,0.678,0.536,0,0
20190503,32,TEX,0,1,ARL02,1.245,0,43,11,1,0,0,0,4,minom001,Mike Minor,1.125,0.92,0.621,0.693,sogae001,Eric Sogard,4,galvf001,Freddy Galvis,6,gricr001,Randal Grichuk,8,smoaj001,Justin Smoak,10,guerv002,Vladimir Guerrero,5,tellr001,Rowdy Tellez,3,drurb001,Brandon Drury,9,hernt002,Teoscar Hernandez,7,maill001,Luke Maile,2,1,0,0,0,0,1,0,1,0,1,1,1,0,1,1,0,1,0,1.1,0,0,0,0,0.4,0,0.667,0,0.167,0.4,1.1,0,0.4,0.8,0,0,0,0.772,0,0,0,0,0.592,0,0.756,0,0.844,0.831,1.094,0,0.508,0.68,0,0.481,0
20190504,33,TEX,8,5,ARL02,1.245,0,32,9,1,1,0,5,5,lynnl001,Lance Lynn,2.167,1.522,0.667,0.69,sogae001,Eric Sogard,4,galvf001,Freddy Galvis,6,smoaj001,Justin Smoak,10,gricr001,Randal Grichuk,8,guerv002,Vladimir Guerrero,5,tellr001,Rowdy Tellez,3,mckib001,Billy McKinney,7,jansd001,Danny Jansen,2,brits001,Socrates Brito,9,1,0,0,0,0,0,0,1,1,1,1,1,0,1,0,1,0,0,0.6,0,0,0,0,0,0,0.25,1,0.25,1,1.6,0,0.833,0,0.5,0,0,0.789,0,0,0,0,0,0,0.752,0.589,0.811,0.808,1.096,0,0.487,0,0.515,0,0
20190505,34,TEX,10,2,ARL02,1.245,0,30,6,2,0,1,2,3,smyld001,Drew Smyly,1,2.028,0.783,0.689,sogae001,Eric Sogard,4,galvf001,Freddy Galvis,6,gricr001,Randal Grichuk,8,smoaj001,Justin Smoak,3,guerv002,Vladimir Guerrero,5,tellr001,Rowdy Tellez,10,drurb001,Brandon Drury,9,hernt002,Teoscar Hernandez,7,jansd001,Danny Jansen,2,1,0,0,0,0,1,0,1,0,1,1,1,0,1,1,1,0,0,0,0,0,0,0,0.667,0,1.667,0,1.667,0.5,1.833,0,0,0,0,0,0,0.78,0,0,0,0,0.584,0,0.74,0,0.799,0.815,1.128,0,0.531,0.685,0.514,0,0
20190506,35,MIN,8,0,TOR02,1.031,1,29,3,0,0,0,0,2,perem004,Martin Perez,0.571,1.437,0.842,0.703,sogae001,Eric Sogard,4,galvf001,Freddy Galvis,6,gricr001,Randal Grichuk,8,smoaj001,Justin Smoak,3,guerv002,Vladimir Guerrero,5,tellr001,Rowdy Tellez,10,drurb001,Brandon Drury,9,hernt002,Teoscar Hernandez,7,jansd001,Danny Jansen,2,1,0,0,0,0,1,0,1,0,1,1,1,0,1,1,1,0,0,0.667,0,0,0,0,0,0,0.5,0,0.25,0.667,0,0,0,0,0.333,0,0,0.755,0,0,0,0,0.586,0,0.756,0,0.816,0.802,1.166,0,0.465,0.668,0.496,0,0
20190507,36,MIN,3,0,TOR02,1.031,1,33,6,1,0,0,0,0,berrj001,Jose Berrios,0.571,0.991,0.778,0.706,galvf001,Freddy Galvis,6,smoaj001,Justin Smoak,3,gricr001,Randal Grichuk,8,tellr001,Rowdy Tellez,10,guerv002,Vladimir Guerrero,5,mckib001,Billy McKinney,9,drurb001,Brandon Drury,4,hernt002,Teoscar Hernandez,7,maill001,Luke Maile,2,1,0,0,0,0,1,0,1,1,1,1,0,0,1,1,0,1,0,0,0,0,0,0,0,0,0.5,0.75,0.5,0,0,0,0.5,0.667,0,0.667,0,0.752,0,0,0,0,0.57,0,0.749,0.62,0.8,0.798,0,0,0.425,0.651,0,0.443,0
20190508,37,MIN,9,1,TOR02,1.031,1,29,2,0,0,1,1,2,gibsk002,Kyle Gibson,0.5,1.365,0.929,0.709,sogae001,Eric Sogard,4,galvf001,Freddy Galvis,6,gricr001,Randal Grichuk,8,smoaj001,Justin Smoak,10,tellr001,Rowdy Tellez,3,mckib001,Billy McKinney,7,drurb001,Brandon Drury,5,brits001,Socrates Brito,9,maill001,Luke Maile,2,1,0,0,0,0,0,0,1,1,1,1,1,0,0,1,0,1,0,0.5,0,0,0,0,0,0,0,1.667,0.25,0,0.25,0,0,0,0,0,0,0.729,0,0,0,0,0,0,0.741,0.626,0.791,0.769,1.093,0,0,0.652,0,0.459,0
20190510,38,CHA,3,4,TOR02,1.031,1,28,4,1,0,2,4,7,coved001,Dylan Covey,1.905,2.264,0.9,0.675,sogae001,Eric Sogard,4,guerv002,Vladimir Guerrero,5,smoaj001,Justin Smoak,3,tellr001,Rowdy Tellez,10,gricr001,Randal Grichuk,9,galvf001,Freddy Galvis,6,hernt002,Teoscar Hernandez,7,jansd001,Danny Jansen,2,davij007,Jonathan Davis,8,1,0,0,0,0,1,1,1,0,1,1,1,0,1,0,1,0,0,0,0,0,0,0,2.75,0,1.25,0,0,1.167,0.5,0,0,0,0,0,0,0.722,0,0,0,0,0.556,0,0.721,0,0.776,0.748,1.051,0,0.433,0,0.493,0,0
20190511,39,CHA,7,2,TOR02,1.031,1,32,8,2,1,1,2,3,novai001,Ivan Nova,1.333,1.738,0.731,0.681,sogae001,Eric Sogard,4,guerv002,Vladimir Guerrero,5,smoaj001,Justin Smoak,3,tellr001,Rowdy Tellez,10,gricr001,Randal Grichuk,8,galvf001,Freddy Galvis,6,hernt002,Teoscar Hernandez,7,mckib001,Billy McKinney,9,maill001,Luke Maile,2,1,0,0,0,0,1,0,1,1,1,1,1,0,1,0,0,1,0,1.75,0,0,0,0,0,0,2.25,0.75,0,0,0,0,2,0,0,0.667,0,0.701,0,0,0,0,0.601,0,0.736,0.657,0.794,0.76,1.02,0,0.393,0,0,0.428,0
20190512,40,CHA,5,1,TOR02,1.031,1,31,4,1,0,0,1,1,gioll001,Lucas Giolito,0.714,1.351,0.81,0.682,galvf001,Freddy Galvis,6,guerv002,Vladimir Guerrero,5,smoaj001,Justin Smoak,3,tellr001,Rowdy Tellez,10,gricr001,Randal Grichuk,9,drurb001,Brandon Drury,4,hernt002,Teoscar Hernandez,7,jansd001,Danny Jansen,2,davij007,Jonathan Davis,8,1,0,0,0,0,1,1,1,0,1,1,0,0,1,1,1,0,0,0.5,0,0,0,0,0.667,0,0.25,0,0,0.5,0,0,0.75,0,0,0,0,0.726,0,0,0,0,0.582,0,0.776,0,0.77,0.735,0,0,0.495,0.636,0.471,0,0
20190514,41,SFN,3,7,SFO03,0.798,0,36,10,2,0,2,7,6,vincn001,Nick Vincent,4,1.159,0.692,0.705,sogae001,Eric Sogard,4,guerv002,Vladimir Guerrero,5,smoaj001,Justin Smoak,3,gricr001,Randal Grichuk,9,galvf001,Freddy Galvis,6,mckib001,Billy McKinney,7,davij007,Jonathan Davis,8,jansd001,Danny Jansen,2,thort002,Trent Thornton,1,1,0,0,0,0,0,1,1,1,1,0,1,0,1,0,1,0,0,0.6,0,0,0,0,0,0,0.65,0.9,0.4,0,1.1,0,3.05,0,0.25,0,0,0.72,0,0,0,0,0,0,0.765,0.661,0.748,0,0.966,0,0.517,0,0.456,0,0
20190515,42,SFN,4,3,SFO03,0.798,0,32,5,2,0,0,2,3,andes002,Shaun Anderson,1,0,0.762,0.705,drurb001,Brandon Drury,4,guerv002,Vladimir Guerrero,5,tellr001,Rowdy Tellez,3,gricr001,Randal Grichuk,8,galvf001,Freddy Galvis,6,hernt002,Teoscar Hernandez,7,mckib001,Billy McKinney,9,maill001,Luke Maile,2,jacke001,Edwin Jackson,1,1,0,0,0,0,1,0,1,1,0,1,0,0,1,1,0,1,0,1.25,0,0,0,0,0,0,0.833,0,0,0.75,0,0,0.25,0.833,0,0,0,0.716,0,0,0,0,0.579,0,0.763,0.67,0,0.727,0,0,0.72,0.622,0,0.443,0
20190516,43,CHA,4,2,CHI12,0.966,0,29,2,0,0,1,1,4,coved001,Dylan Covey,0.769,2.105,0.96,0.691,sogae001,Eric Sogard,4,guerv002,Vladimir Guerrero,10,smoaj001,Justin Smoak,3,gricr001,Randal Grichuk,9,galvf001,Freddy Galvis,6,drurb001,Brandon Drury,5,mckib001,Billy McKinney,7,davij007,Jonathan Davis,8,jansd001,Danny Jansen,2,1,0,0,0,0,0,1,1,1,1,0,1,0,1,1,1,0,0,1.25,0,0,0,0,0,0,0,0,0.5,0,0.333,0,0,0.5,0.333,0,0,0.73,0,0,0,0,0,0,0.765,0.647,0.735,0,0.962,0,0.693,0.628,0.449,0,0
20190517,44,CHA,2,10,CHI12,0.966,0,40,15,4,0,3,9,6,novai001,Ivan Nova,4,1.682,0.613,0.697,sogae001,Eric Sogard,4,guerv002,Vladimir Guerrero,5,smoaj001,Justin Smoak,3,tellr001,Rowdy Tellez,10,gricr001,Randal Grichuk,8,galvf001,Freddy Galvis,6,drurb001,Brandon Drury,9,mckib001,Billy McKinney,7,jansd001,Danny Jansen,2,1,0,0,0,0,0,0,1,1,1,1,1,0,1,1,1,0,0,0.4,0,0,0,0,0,0,0.8,2,2.8,0.4,1.1,0,1.4,0.7,1.85,0,0,0.744,0,0,0,0,0,0,0.747,0.625,0.732,0.728,0.945,0,0.648,0.624,0.447,0,0
20190518,45,CHA,4,1,CHI12,0.966,0,17,3,1,0,0,1,2,gioll001,Lucas Giolito,1,1.23,0.769,0.695,mckib001,Billy McKinney,7,guerv002,Vladimir Guerrero,5,smoaj001,Justin Smoak,10,tellr001,Rowdy Tellez,3,gricr001,Randal Grichuk,8,galvf001,Freddy Galvis,6,drurb001,Brandon Drury,9,urenr001,Richard Urena,4,maill001,Luke Maile,2,1,0,0,0,0,0,0,1,1,1,1,0,0,1,1,0,1,0,1.5,0,0,0,0,0,0,0.5,0,0,2,0,0,1,0,0,0,0,0.733,0,0,0,0,0,0,0.748,0.681,0.77,0.715,0,0,0.697,0.626,0,0.417,0
20190519,46,CHA,2,5,CHI12,0.966,0,35,8,0,0,3,5,2,loper003,Reynaldo Lopez,1,1.582,0.821,0.696,sogae001,Eric Sogard,4,guerv002,Vladimir Guerrero,5,smoaj001,Justin Smoak,3,tellr001,Rowdy Tellez,10,gricr001,Randal Grichuk,9,galvf001,Freddy Galvis,6,mckib001,Billy McKinney,7,jansd001,Danny Jansen,2,davij007,Jonathan Davis,8,1,0,0,0,0,0,1,1,1,1,1,1,0,1,0,1,0,0,0.25,0,0,0,0,0,0.5,0,1.25,0.833,0.5,0,0,1.75,0,1.75,0,0,0.742,0,0,0,0,0,0,0.748,0.665,0.759,0.73,0.955,0,0.706,0,0.506,0,0
20190520,47,BOS,12,2,TOR02,1.031,1,31,3,0,0,1,2,1,pricd001,David Price,0.6,1.139,0.9,0.707,davij007,Jonathan Davis,8,drurb001,Brandon Drury,5,smoaj001,Justin Smoak,3,gricr001,Randal Grichuk,9,galvf001,Freddy Galvis,6,jansd001,Danny Jansen,10,mckib001,Billy McKinney,7,urenr001,Richard Urena,4,maill001,Luke Maile,2,1,0,0,0,0,0,1,1,1,1,0,0,0,0,1,1,1,0,0.25,0,0,0,0,0,0.5,0,0,0.5,0,0,0,0,0,0,1.667,0,0.733,0,0,0,0,0,0.111,0.731,0.683,0.761,0,0,0,0,0.617,0.554,0.401,0
20190521,48,BOS,3,10,TOR02,1.031,1,34,11,1,0,3,10,5,rodre004,Eduardo Rodriguez,1.8,1.485,0.619,0.71,davij007,Jonathan Davis,8,guerv002,Vladimir Guerrero,5,smoaj001,Justin Smoak,3,tellr001,Rowdy Tellez,10,gricr001,Randal Grichuk,9,galvf001,Freddy Galvis,6,mckib001,Billy McKinney,7,jansd001,Danny Jansen,2,drurb001,Brandon Drury,4,1,0,0,0,0,0,1,1,1,1,1,0,0,1,1,1,0,0,1.25,0,0,0,0,0,0.4,1.75,0.25,0.4,2,0,0,0.8,1.75,0.5,0,0,0.724,0,0,0,0,0,0.182,0.715,0.668,0.755,0.723,0,0,0.766,0.601,0.539,0,0
20190522,49,BOS,6,5,TOR02,1.031,1,50,11,3,0,3,5,3,porcr001,Rick Porcello,0.5,1.455,0.765,0.709,sogae001,Eric Sogard,4,guerv002,Vladimir Guerrero,5,smoaj001,Justin Smoak,3,tellr001,Rowdy Tellez,10,gricr001,Randal Grichuk,9,galvf001,Freddy Galvis,6,drurb001,Brandon Drury,7,davij007,Jonathan Davis,8,maill001,Luke Maile,2,1,0,0,0,0,0,1,1,0,1,1,1,0,1,1,0,1,0,0.333,0,0,0,0,0,0,0.333,0,1.6,1.5,0,0,1.167,1,0,0.333,0,0.735,0,0,0,0,0,0.222,0.737,0,0.747,0.769,0.904,0,0.768,0.627,0,0.471,0
20190523,50,BOS,8,2,TOR02,1.031,1,32,5,3,0,1,2,0,weber001,Ryan Weber,0.5,1.125,0.84,0.71,sogae001,Eric Sogard,4,guerv002,Vladimir Guerrero,5,smoaj001,Justin Smoak,10,tellr001,Rowdy Tellez,3,drurb001,Brandon Drury,7,galvf001,Freddy Galvis,6,mckib001,Billy McKinney,9,jansd001,Danny Jansen,2,davij007,Jonathan Davis,8,1,0,0,0,0,0,1,0,1,1,1,1,0,1,1,1,0,0,1,0,0,0,0,0,0,0,0,1.25,1.167,0,0,0,1.25,0,0,0,0.722,0,0,0,0,0,0.207,0,0.649,0.776,0.796,0.849,0,0.798,0.641,0.545,0,0
20190524,51,SDN,6,3,TOR02,1.031,1,30,3,0,0,2,3,1,luccj001,Joey Lucchesi,0.645,1.287,0.933,0.715,drurb001,Brandon Drury,9,guerv002,Vladimir Guerrero,5,smoaj001,Justin Smoak,10,tellr001,Rowdy Tellez,3,gricr001,Randal Grichuk,8,galvf001,Freddy Galvis,6,gurrl001,Lourdes Gurriel,7,biggc002,Cavan Biggio,4,jansd001,Danny Jansen,2,1,0,1,0,0,0,0,1,0,1,1,0,1,1,1,1,0,0,2.333,0,1.667,0,0,0,0,0.25,0,0.25,0,0,0,0,0,0,0,0,0.726,0,0.525,0,0,0,0,0.725,0,0.789,0.804,0,0,0.761,0.656,0.532,0,0
20190525,52,SDN,19,4,TOR02,1.031,1,30,4,0,0,2,4,2,quanc001,Cal Quantrill,0.667,1.818,0.875,0.718,galvf001,Freddy Galvis,6,guerv002,Vladimir Guerrero,5,smoaj001,Justin Smoak,3,tellr001,Rowdy Tellez,10,gricr001,Randal Grichuk,9,gurrl001,Lourdes Gurriel,7,biggc002,Cavan Biggio,4,davij007,Jonathan Davis,8,maill001,Luke Maile,2,1,0,1,0,0,0,1,1,0,1,1,0,1,1,0,0,1,0,0.5,0,1.667,0,0,0,0.667,0,0,1.833,0,0,0,0.25,0,0,0,0,0.753,0,0.604,0,0,0,0.188,0.717,0,0.778,0.783,0,0,0.727,0,0,0.468,0
20190526,53,SDN,1,10,TOR02,1.031,1,40,17,3,0,4,10,1,erlir001,Robbie Erlin,2,1.256,0.5,0.72,sogae001,Eric Sogard,5,guerv002,Vladimir Guerrero,10,smoaj001,Justin Smoak,3,gricr001,Randal Grichuk,8,galvf001,Freddy Galvis,6,gurrl001,Lourdes Gurriel,7,biggc002,Cavan Biggio,4,drurb001,Brandon Drury,9,jansd001,Danny Jansen,2,1,0,1,0,0,0,0,1,0,1,0,1,1,1,1,1,0,0,0,0,3,0,0,0,0,1.1,0,2,0,1,2.25,1.4,0.5,0,0,0,0.747,0,0.673,0,0,0,0,0.703,0,0.798,0,0.816,0,0.711,0.64,0.515,0,0
20190527,54,TBA,8,3,STP01,0.895,0,30,4,1,0,2,3,5,chiry001,Yonny Chirinos,0.4,0.943,0.882,0.727,sogae001,Eric Sogard,4,guerv002,Vladimir Guerrero,5,tellr001,Rowdy Tellez,3,gricr001,Randal Grichuk,9,galvf001,Freddy Galvis,6,gurrl001,Lourdes Gurriel,7,biggc002,Cavan Biggio,10,davij007,Jonathan Davis,8,maill001,Luke Maile,2,1,0,1,0,0,0,1,1,0,0,1,1,1,1,0,0,1,0,1.833,0,1.167,0,0,0,1.25,0,0,0,0,0.25,0.25,0.25,0,0,0.667,0,0.728,0,0.855,0,0,0,0.229,0.712,0,0,0.768,0.825,0.9,0.746,0,0,0.445,0
20190528,55,TBA,3,1,STP01,0.895,0,32,6,2,0,0,1,2,stanr002,Ryne Stanek,1,1.115,0.786,0.729,sogae001,Eric Sogard,4,guerv002,Vladimir Guerrero,5,smoaj001,Justin Smoak,3,tellr001,Rowdy Tellez,10,gricr001,Randal Grichuk,9,gurrl001,Lourdes Gurriel,7,drurb001,Brandon Drury,6,jansd001,Danny Jansen,2,davij007,Jonathan Davis,8,0,0,1,0,0,0,1,1,0,1,1,1,0,1,1,1,0,0,0,0,0.75,0,0,0,0,0.5,0,1,0.75,0.25,0,0,1,0,0,0,0,0,0.875,0,0,0,0.333,0.698,0,0.834,0.749,0.808,0,0.73,0.637,0.499,0,0
20190529,56,TBA,4,3,STP01,0.895,0,42,12,3,0,1,3,5,snelb001,Blake Snell,1.333,1.028,0.656,0.73,sogae001,Eric Sogard,4,gurrl001,Lourdes Gurriel,7,smoaj001,Justin Smoak,3,tellr001,Rowdy Tellez,10,gricr001,Randal Grichuk,9,galvf001,Freddy Galvis,6,drurb001,Brandon Drury,5,jansd001,Danny Jansen,2,davij007,Jonathan Davis,8,1,0,1,0,0,0,1,1,0,1,1,1,0,0,1,1,0,0,0.6,0,1.167,0,0,0,1,0.4,0,1,0.65,0.667,0,0,1,0.4,0,0,0.746,0,0.866,0,0,0,0.31,0.694,0,0.838,0.749,0.792,0,0,0.644,0.483,0,0
20190531,57,COL,13,6,DEN02,1.394,0,34,11,2,0,2,6,5,marqg001,German Marquez,1.286,1.137,0.64,0.692,galvf001,Freddy Galvis,6,guerv002,Vladimir Guerrero,5,tellr001,Rowdy Tellez,3,gurrl001,Lourdes Gurriel,7,gricr001,Randal Grichuk,9,biggc002,Cavan Biggio,4,davij007,Jonathan Davis,8,maill001,Luke Maile,2,jacke001,Edwin Jackson,1,1,0,1,0,0,0,1,1,0,0,1,0,1,1,0,0,1,0,0.2,0,0.6,0,0,0,1.25,1.2,0,0,0,0,1,2.55,0,0,0.833,0,0.743,0,0.895,0,0,0,0.341,0.691,0,0,0.747,0,0.695,0.711,0,0,0.455,0
20190601,58,COL,4,2,DEN02,1.394,0,32,4,2,0,1,2,3,grayj003,Jon Gray,0.806,1.395,0.864,0.691,galvf001,Freddy Galvis,6,guerv002,Vladimir Guerrero,5,smoaj001,Justin Smoak,3,gurrl001,Lourdes Gurriel,7,gricr001,Randal Grichuk,9,biggc002,Cavan Biggio,4,jansd001,Danny Jansen,2,davij007,Jonathan Davis,8,strom001,Marcus Stroman,1,1,0,1,0,0,0,1,1,0,1,0,0,1,1,0,1,0,0,0,0,0.5,0,0,0,0,0,0,1.25,0,0,0.5,0.75,0,1.167,0,0,0.731,0,0.874,0,0,0,0.405,0.7,0,0.841,0,0,0.76,0.781,0,0.483,0,0
20190602,59,COL,5,1,DEN02,1.394,0,33,6,0,0,0,1,4,senza001,Antonio Senzatela,1.167,1.721,0.76,0.694,sogae001,Eric Sogard,4,guerv002,Vladimir Guerrero,5,smoaj001,Justin Smoak,3,gricr001,Randal Grichuk,8,biggc002,Cavan Biggio,9,drurb001,Brandon Drury,7,galvf001,Freddy Galvis,6,maill001,Luke Maile,2,sanca006,Aaron Sanchez,1,1,0,0,0,0,0,0,1,0,1,0,1,1,1,1,0,1,0,0,0,0,0,0,0,0,0,0,1.25,0,0.8,0.25,0.5,0.25,0,1,0,0.718,0,0,0,0,0,0,0.688,0,0.851,0,0.78,0.748,0.78,0.658,0,0.476,0
20190604,60,NYA,3,4,TOR02,1.031,1,31,8,1,0,2,4,2,tanam001,Masahiro Tanaka,1.333,1.208,0.75,0.717,sogae001,Eric Sogard,4,guerv002,Vladimir Guerrero,5,smoaj001,Justin Smoak,3,tellr001,Rowdy Tellez,10,gricr001,Randal Grichuk,8,biggc002,Cavan Biggio,9,gurrl001,Lourdes Gurriel,7,galvf001,Freddy Galvis,6,jansd001,Danny Jansen,2,1,0,1,0,0,0,0,1,0,1,1,1,1,1,0,1,0,0,1.667,0,0.25,0,0,0,0,1.25,0,0.833,0.5,1.75,0.25,0.5,0,0,0,0,0.704,0,0.842,0,0,0,0,0.676,0,0.858,0.73,0.781,0.681,0.771,0,0.5,0,0
20190605,61,NYA,7,11,TOR02,1.031,1,35,10,2,0,4,10,6,paxtj001,James Paxton,1.667,1.16,0.75,0.718,gurrl001,Lourdes Gurriel,7,guerv002,Vladimir Guerrero,10,smoaj001,Justin Smoak,3,gricr001,Randal Grichuk,9,drurb001,Brandon Drury,5,hernt002,Teoscar Hernandez,8,biggc002,Cavan Biggio,4,galvf001,Freddy Galvis,6,jansd001,Danny Jansen,2,1,0,1,0,0,1,0,1,0,1,0,0,1,1,1,1,0,0,0,0,0.4,0,0,1.2,0,2.6,0,0,0,0,1.25,1.85,1.4,0.833,0,0,0.718,0,0.818,0,0,0.562,0,0.686,0,0.857,0,0,0.63,0.762,0.651,0.489,0,0
20190606,62,NYA,6,2,TOR02,1.031,1,34,8,1,0,1,1,0,happj001,J.A. Happ,0.571,1.248,0.759,0.719,sogae001,Eric Sogard,4,guerv002,Vladimir Guerrero,5,smoaj001,Justin Smoak,3,gricr001,Randal Grichuk,10,gurrl001,Lourdes Gurriel,7,hernt002,Teoscar Hernandez,8,galvf001,Freddy Galvis,6,drurb001,Brandon Drury,9,maill001,Luke Maile,2,1,0,1,0,0,1,0,1,0,1,0,1,0,1,1,0,1,0,0,0,0.5,0,0,0,0,1,0,0.5,0,2,0,0,0.667,0,0.667,0,0.705,0,0.804,0,0,0.585,0,0.72,0,0.837,0,0.81,0,0.798,0.671,0,0.505,0
20190607,63,ARI,8,2,TOR02,1.031,1,31,5,0,0,1,1,2,kellm002,Merrill Kelly,0.714,1.477,0.846,0.692,sogae001,Eric Sogard,4,guerv002,Vladimir Guerrero,5,tellr001,Rowdy Tellez,10,gricr001,Randal Grichuk,9,gurrl001,Lourdes Gurriel,7,biggc002,Cavan Biggio,3,hernt002,Teoscar Hernandez,8,galvf001,Freddy Galvis,6,jansd001,Danny Jansen,2,1,0,1,0,0,1,0,1,0,0,1,1,1,1,0,1,0,0,0.667,0,1,0,0,1.667,0,0.5,0,0,0,0,0.25,0,0,0.333,0,0,0.692,0,0.79,0,0,0.569,0,0.725,0,0,0.725,0.846,0.693,0.774,0,0.498,0,0
20190608,64,ARI,6,0,TOR02,1.031,1,31,5,0,1,0,0,3,greiz001,Zack Greinke,1,0.952,0.75,0.694,biggc002,Cavan Biggio,4,guerv002,Vladimir Guerrero,5,smoaj001,Justin Smoak,10,gricr001,Randal Grichuk,9,gurrl001,Lourdes Gurriel,7,tellr001,Rowdy Tellez,3,hernt002,Teoscar Hernandez,8,drurb001,Brandon Drury,6,maill001,Luke Maile,2,0,0,1,0,0,1,0,1,0,1,1,0,1,1,1,0,1,0,0,0,1,0,0,0.5,0,0,0,0.833,0,0,0.25,1,0.333,0,0,0,0,0,0.799,0,0,0.592,0,0.721,0,0.83,0.709,0,0.649,0.752,0.671,0,0.512,0
20190609,65,ARI,8,2,TOR02,1.031,1,34,7,3,0,1,2,1,ray-r002,Robbie Ray,0.968,1.431,0.7,0.695,sogae001,Eric Sogard,10,gurrl001,Lourdes Gurriel,7,gricr001,Randal Grichuk,9,smoaj001,Justin Smoak,3,hernt002,Teoscar Hernandez,8,biggc002,Cavan Biggio,4,galvf001,Freddy Galvis,6,jansd001,Danny Jansen,2,drurb001,Brandon Drury,5,1,0,1,0,0,1,0,1,0,1,0,1,1,0,1,1,0,0,0.5,0,2,0,0,0.75,0,0,0,0.5,0,0,0,0,0,1.75,0,0,0.692,0,0.808,0,0,0.59,0,0.709,0,0.83,0,0.822,0.614,0,0.668,0.496,0,0
20190611,66,BAL,4,2,BAL12,1.088,0,31,5,1,0,1,2,4,meanj001,John Means,1.4,1.08,0.765,0.716,sogae001,Eric Sogard,4,guerv002,Vladimir Guerrero,10,gurrl001,Lourdes Gurriel,7,gricr001,Randal Grichuk,9,smoaj001,Justin Smoak,3,hernt002,Teoscar Hernandez,8,galvf001,Freddy Galvis,6,jansd001,Danny Jansen,2,drurb001,Brandon Drury,5,1,0,1,0,0,1,0,1,0,1,0,1,0,1,1,1,0,0,0.5,0,0.25,0,0,0.5,0,1.167,0,0,0,1.75,0,0.25,0.333,0,0,0,0.688,0,0.857,0,0,0.594,0,0.698,0,0.824,0,0.799,0,0.759,0.657,0.524,0,0
20190612,67,BAL,6,8,BAL12,1.088,0,38,10,3,0,1,7,6,hessd001,David Hess,2,1.544,0.679,0.716,biggc002,Cavan Biggio,4,guerv002,Vladimir Guerrero,5,gurrl001,Lourdes Gurriel,7,gricr001,Randal Grichuk,9,smoaj001,Justin Smoak,3,hernt002,Teoscar Hernandez,8,tellr001,Rowdy Tellez,10,galvf001,Freddy Galvis,6,maill001,Luke Maile,2,1,0,1,0,0,1,0,1,0,1,1,0,1,1,0,0,1,0,0,0,1.1,0,0,1,0,0,0,0.4,1.4,0,0.4,1.4,0,0,1.167,0,0.685,0,0.838,0,0,0.592,0,0.705,0,0.809,0.694,0,0.556,0.747,0,0,0.492,0
20190613,68,BAL,3,12,BAL12,1.088,0,42,17,3,0,3,12,4,ynoag001,Gabriel Ynoa,1.4,1.526,0.611,0.716,sogae001,Eric Sogard,4,guerv002,Vladimir Guerrero,5,gurrl001,Lourdes Gurriel,7,smoaj001,Justin Smoak,3,tellr001,Rowdy Tellez,10,hernt002,Teoscar Hernandez,8,biggc002,Cavan Biggio,9,galvf001,Freddy Galvis,6,jansd001,Danny Jansen,2,1,0,1,0,0,1,0,0,0,1,1,1,1,1,0,1,0,0,1.267,0,1.8,0,0,0.65,0,0,0,0.4,0.6,0.667,2.6,1.6,0,1.2,0,0,0.671,0,0.85,0,0,0.604,0,0,0,0.803,0.712,0.826,0.546,0.769,0,0.511,0,0
20190614,69,HOU,15,2,HOU03,1.083,0,32,5,1,0,0,2,2,coleg001,Gerrit Cole,0.833,1.01,0.737,0.747,biggc002,Cavan Biggio,4,guerv002,Vladimir Guerrero,5,gurrl001,Lourdes Gurriel,7,tellr001,Rowdy Tellez,10,smoaj001,Justin Smoak,3,gricr001,Randal Grichuk,8,galvf001,Freddy Galvis,6,drurb001,Brandon Drury,9,maill001,Luke Maile,2,1,0,1,0,0,0,0,1,0,1,1,0,1,1,1,0,1,0,1.417,0,0.5,0,0,0,0,0,0,0.25,0,0,0.75,0,0,0,0.667,0,0.681,0,0.893,0,0,0,0,0.691,0,0.794,0.71,0,0.729,0.792,0.651,0,0.52,0
20190615,70,HOU,7,2,HOU03,1.083,0,31,6,0,0,0,2,2,valdf001,Framber Valdez,1,1.266,0.727,0.747,sogae001,Eric Sogard,4,gricr001,Randal Grichuk,9,gurrl001,Lourdes Gurriel,7,hernt002,Teoscar Hernandez,8,tellr001,Rowdy Tellez,10,galvf001,Freddy Galvis,6,biggc002,Cavan Biggio,3,jansd001,Danny Jansen,2,drurb001,Brandon Drury,5,1,0,1,0,0,1,0,1,0,0,1,1,1,0,1,1,0,0,1,0,0,0,0,0.5,0,0,0,0,0,1.167,0.5,0,0.667,0,0,0,0.691,0,0.879,0,0,0.606,0,0.681,0,0,0.695,0.804,0.732,0,0.638,0.532,0,0
20190616,71,HOU,0,12,HOU03,1.083,0,40,14,3,1,5,12,4,peacb001,Brad Peacock,1.6,1.106,0.7,0.747,sogae001,Eric Sogard,5,guerv002,Vladimir Guerrero,10,gurrl001,Lourdes Gurriel,7,tellr001,Rowdy Tellez,3,hernt002,Teoscar Hernandez,8,biggc002,Cavan Biggio,4,gricr001,Randal Grichuk,9,galvf001,Freddy Galvis,6,jansd001,Danny Jansen,2,1,0,1,0,0,1,0,1,0,0,1,1,1,1,0,1,0,0,1.8,0,1.65,0,0,2.6,0,0.9,0,0,1,2.467,1,0.4,0,0,0,0,0.696,0,0.85,0,0,0.607,0,0.671,0,0,0.682,0.811,0.716,0.796,0,0.522,0,0
20190617,72,ANA,10,5,TOR02,1.031,1,34,8,0,0,3,5,3,garcl005,Luis Garcia,1,1.802,0.783,0.713,sogae001,Eric Sogard,10,biggc002,Cavan Biggio,7,guerv002,Vladimir Guerrero,5,tellr001,Rowdy Tellez,3,hernt002,Teoscar Hernandez,8,gricr001,Randal Grichuk,9,galvf001,Freddy Galvis,6,drurb001,Brandon Drury,4,maill001,Luke Maile,2,1,0,0,0,0,1,0,1,0,0,1,1,1,1,1,0,1,0,1,0,0,0,0,0,0,1.75,0,0,0,0.8,5,0,0,0,0,0,0.718,0,0,0,0,0.656,0,0.674,0,0,0.69,0.847,0.739,0.784,0.639,0,0.525,0
20190618,73,ANA,3,1,TOR02,1.031,1,29,3,0,0,1,1,0,skagt001,Tyler Skaggs,0.423,1.445,0.9,0.714,sogae001,Eric Sogard,4,guerv002,Vladimir Guerrero,10,gurrl001,Lourdes Gurriel,7,biggc002,Cavan Biggio,9,gricr001,Randal Grichuk,8,tellr001,Rowdy Tellez,3,galvf001,Freddy Galvis,6,jansd001,Danny Jansen,2,drurb001,Brandon Drury,5,1,0,1,0,0,0,0,1,0,0,1,1,1,1,1,1,0,0,0,0,1.667,0,0,0,0,0.667,0,0,0.667,0,0,0,0,0,0,0,0.722,0,0.875,0,0,0,0,0.69,0,0,0.677,0.845,0.895,0.765,0.626,0.507,0,0
20190619,74,ANA,11,6,TOR02,1.031,1,33,6,2,0,2,6,7,heana001,Andrew Heaney,2.5,0.991,0.818,0.716,sogae001,Eric Sogard,10,guerv002,Vladimir Guerrero,5,gurrl001,Lourdes Gurriel,7,gricr001,Randal Grichuk,8,galvf001,Freddy Galvis,6,biggc002,Cavan Biggio,4,jansd001,Danny Jansen,2,tellr001,Rowdy Tellez,3,drurb001,Brandon Drury,9,1,0,1,0,0,0,0,1,0,0,1,1,1,1,1,1,0,0,0.75,0,0.2,0,0,0,0,0.2,0,0,2.5,0.8,0.25,1.267,0,0.5,0,0,0.714,0,0.894,0,0,0,0,0.69,0,0,0.677,0.826,0.856,0.747,0.618,0.498,0,0
20190620,75,ANA,5,7,TOR02,1.031,1,36,12,3,0,4,7,6,suarj001,Jose Suarez,2.2,1.37,0.619,0.717,sogae001,Eric Sogard,10,guerv002,Vladimir Guerrero,5,gurrl001,Lourdes Gurriel,7,biggc002,Cavan Biggio,4,hernt002,Teoscar Hernandez,8,gricr001,Randal Grichuk,9,tellr001,Rowdy Tellez,3,galvf001,Freddy Galvis,6,maill001,Luke Maile,2,1,0,1,0,0,1,0,1,0,0,1,1,1,1,0,0,1,0,1,0,2,0,0,1,0,1,0,0,0.5,3.333,0.2,0.2,0,0,0,0,0.714,0,0.872,0,0,0.649,0,0.682,0,0,0.71,0.825,0.828,0.759,0,0,0.501,0
20190621,76,BOS,7,5,BOS07,1.063,0,40,11,0,0,1,5,5,salec001,Chris Sale,1.8,0.977,0.583,0.698,sogae001,Eric Sogard,4,guerv002,Vladimir Guerrero,10,gurrl001,Lourdes Gurriel,7,hernt002,Teoscar Hernandez,8,gricr001,Randal Grichuk,9,galvf001,Freddy Galvis,6,jansd001,Danny Jansen,2,mckib001,Billy McKinney,3,drurb001,Brandon Drury,5,1,0,1,0,0,1,0,1,1,0,0,1,0,1,1,1,0,0,0.8,0,0,0,0,0.4,0,2.3,0.2,0,0,1.333,0,0.4,0.5,0,0,0,0.719,0,0.914,0,0,0.659,0,0.688,0.666,0,0,0.873,0,0.745,0.606,0.5,0,0
20190622,77,BOS,7,8,BOS07,1.063,0,37,10,0,0,2,6,5,johnb004,Brian Johnson,0.8,2.892,0.652,0.696,sogae001,Eric Sogard,10,guerv002,Vladimir Guerrero,5,gurrl001,Lourdes Gurriel,7,gricr001,Randal Grichuk,9,hernt002,Teoscar Hernandez,8,biggc002,Cavan Biggio,4,galvf001,Freddy Galvis,6,tellr001,Rowdy Tellez,3,maill001,Luke Maile,2,1,0,1,0,0,1,0,1,0,0,1,1,1,1,0,0,1,0,1.25,0,0.8,0,0,0.8,0,0,0,0,1.833,0.2,0.8,1.1,0,0,0.333,0,0.72,0,0.881,0,0,0.656,0,0.712,0,0,0.713,0.888,0.806,0.736,0,0,0.479,0
20190623,78,BOS,1,6,BOS07,1.063,0,36,10,4,0,1,5,5,porcr001,Rick Porcello,2,1.351,0.69,0.696,sogae001,Eric Sogard,4,guerv002,Vladimir Guerrero,10,gurrl001,Lourdes Gurriel,7,biggc002,Cavan Biggio,9,galvf001,Freddy Galvis,6,gricr001,Randal Grichuk,8,tellr001,Rowdy Tellez,3,drurb001,Brandon Drury,5,jansd001,Danny Jansen,2,1,0,1,0,0,0,0,1,0,0,1,1,1,1,1,1,0,0,1.267,0,1.4,0,0,0,0,0,0,0,1.75,1,0.9,0,0.833,0.5,0,0,0.728,0,0.878,0,0,0,0,0.7,0,0,0.729,0.872,0.805,0.745,0.604,0.489,0,0
20190624,79,NYA,10,8,NYC21,0.816,0,40,14,3,0,2,8,2,sabac001,CC Sabathia,1.333,1.38,0.52,0.716,sogae001,Eric Sogard,10,guerv002,Vladimir Guerrero,5,gurrl001,Lourdes Gurriel,7,biggc002,Cavan Biggio,4,gricr001,Randal Grichuk,8,tellr001,Rowdy Tellez,3,galvf001,Freddy Galvis,6,mckib001,Billy McKinney,9,maill001,Luke Maile,2,1,0,1,0,0,0,0,1,1,0,1,1,1,1,0,0,1,0,1.4,0,1.4,0,0,0,0,1.4,0,0,1.15,0.933,0.4,1.4,0,0,0,0,0.735,0,0.895,0,0,0,0,0.691,0.658,0,0.745,0.876,0.81,0.725,0,0,0.477,0
20190625,80,NYA,4,3,NYC21,0.816,0,33,7,2,0,0,3,0,greec003,Chad Green,0,1.783,0.682,0.713,sogae001,Eric Sogard,10,guerv002,Vladimir Guerrero,5,gurrl001,Lourdes Gurriel,7,biggc002,Cavan Biggio,4,hernt002,Teoscar Hernandez,8,tellr001,Rowdy Tellez,3,gricr001,Randal Grichuk,9,galvf001,Freddy Galvis,6,jansd001,Danny Jansen,2,1,0,1,0,0,1,0,1,0,0,1,1,1,1,0,1,0,0,0.5,0,1,0,0,0,0,0.5,0,0,0,0,1,0.5,0,1,0,0,0.747,0,0.912,0,0,0.659,0,0.702,0,0,0.752,0.879,0.787,0.742,0,0.49,0,0
20190626,81,NYA,8,7,NYC21,0.816,0,36,13,1,0,3,7,4,paxtj001,James Paxton,2.927,1.382,0.583,0.713,biggc002,Cavan Biggio,4,guerv002,Vladimir Guerrero,10,gurrl001,Lourdes Gurriel,7,gricr001,Randal Grichuk,9,tellr001,Rowdy Tellez,3,hernt002,Teoscar Hernandez,8,galvf001,Freddy Galvis,6,drurb001,Brandon Drury,5,jansd001,Danny Jansen,2,1,0,1,0,0,1,0,1,0,0,1,0,1,1,1,1,0,0,0.5,0,2.6,0,0,0,0,0.65,0,0,0.5,0,1.55,0.2,0.5,3,0,0,0.744,0,0.914,0,0,0.646,0,0.699,0,0,0.739,0,0.794,0.737,0.608,0.498,0,0
20190628,82,KCA,2,6,TOR02,1.031,1,33,9,0,0,4,6,2,duffd001,Danny Duffy,1.29,1.368,0.762,0.694,sogae001,Eric Sogard,10,guerv002,Vladimir Guerrero,5,gurrl001,Lourdes Gurriel,7,biggc002,Cavan Biggio,4,hernt002,Teoscar Hernandez,8,smoaj001,Justin Smoak,3,gricr001,Randal Grichuk,9,galvf001,Freddy Galvis,6,jansd001,Danny Jansen,2,1,0,1,0,0,1,0,1,0,1,0,1,1,1,0,1,0,0,0.5,0,2.5,0,0,0,0,1.25,0,0.833,0,1.75,0.25,0.5,0,0.667,0,0,0.74,0,0.965,0,0,0.633,0,0.699,0,0.787,0,0.864,0.828,0.726,0,0.542,0,0
20190629,83,KCA,5,7,TOR02,1.031,1,29,6,0,0,3,7,7,bailh001,Homer Bailey,1.8,1.412,0.8,0.695,sogae001,Eric Sogard,4,guerv002,Vladimir Guerrero,10,gurrl001,Lourdes Gurriel,7,biggc002,Cavan Biggio,9,smoaj001,Justin Smoak,3,galvf001,Freddy Galvis,6,gricr001,Randal Grichuk,8,drurb001,Brandon Drury,5,jansd001,Danny Jansen,2,1,0,1,0,0,0,0,1,0,1,0,1,1,1,1,1,0,0,0,0,0.833,0,0,0,0,0.5,0,0,0,1.417,1.833,1.833,0.333,1.25,0,0,0.737,0,1.002,0,0,0,0,0.706,0,0.787,0,0.882,0.809,0.722,0.606,0.544,0,0
20190630,84,KCA,7,6,TOR02,1.031,1,34,8,0,1,2,6,3,kellb003,Brad Keller,2,1.41,0.778,0.695,sogae001,Eric Sogard,5,smoaj001,Justin Smoak,10,gurrl001,Lourdes Gurriel,7,biggc002,Cavan Biggio,4,hernt002,Teoscar Hernandez,8,tellr001,Rowdy Tellez,3,galvf001,Freddy Galvis,6,drurb001,Brandon Drury,9,maill001,Luke Maile,2,1,0,1,0,0,1,0,0,0,1,1,1,1,0,1,0,1,0,0.25,0,0.5,0,0,0.5,0,0,0,2,0.5,0.8,0,0,0.333,0,1.333,0,0.727,0,1,0,0,0.62,0,0,0,0.774,0.732,0.891,0.842,0,0.604,0,0.458,0
20190701,85,KCA,4,11,TOR02,1.031,1,39,18,4,0,3,11,4,sparg001,Glenn Sparkman,3.333,1.34,0.545,0.696,sogae001,Eric Sogard,10,guerv002,Vladimir Guerrero,5,gurrl001,Lourdes Gurriel,7,biggc002,Cavan Biggio,4,gricr001,Randal Grichuk,9,tellr001,Rowdy Tellez,3,hernt002,Teoscar Hernandez,8,galvf001,Freddy Galvis,6,jansd001,Danny Jansen,2,1,0,1,0,0,1,0,1,0,0,1,1,1,1,0,1,0,0,3.25,0,1.8,0,0,1.4,0,1.6,0,0,0.4,0.65,1.4,1.267,0,0,0,0,0.723,0,0.989,0,0,0.618,0,0.706,0,0,0.728,0.888,0.811,0.742,0,0.56,0,0
20190702,86,BOS,10,6,TOR02,1.031,1,33,8,3,0,1,6,6,pricd001,David Price,1.333,1.134,0.696,0.687,sogae001,Eric Sogard,10,guerv002,Vladimir Guerrero,5,gurrl001,Lourdes Gurriel,7,smoaj001,Justin Smoak,3,gricr001,Randal Grichuk,8,biggc002,Cavan Biggio,4,galvf001,Freddy Galvis,6,drurb001,Brandon Drury,9,jansd001,Danny Jansen,2,1,0,1,0,0,0,0,1,0,1,0,1,1,1,1,1,0,0,0.5,0,0.4,0,0,0,0,0.5,0,0,0,0.4,1.25,0.9,0.25,2.5,0,0,0.755,0,1.009,0,0,0,0,0.719,0,0.801,0,0.884,0.837,0.751,0.602,0.548,0,0
20190703,87,BOS,3,6,TOR02,1.031,1,32,11,3,0,3,6,5,salec001,Chris Sale,2.115,1.029,0.636,0.687,galvf001,Freddy Galvis,6,guerv002,Vladimir Guerrero,5,gurrl001,Lourdes Gurriel,7,biggc002,Cavan Biggio,4,gricr001,Randal Grichuk,8,smoaj001,Justin Smoak,10,jansd001,Danny Jansen,2,tellr001,Rowdy Tellez,3,drurb001,Brandon Drury,9,1,0,1,0,0,0,0,1,0,1,1,0,1,1,1,1,0,0,2.133,0,1,0,0,0,0,0,0,1.25,1.75,0,0.25,0.2,2.5,1.25,0,0,0.752,0,1.002,0,0,0,0,0.717,0,0.785,0.722,0,0.851,0.754,0.598,0.588,0,0
20190704,88,BOS,8,7,TOR02,1.031,1,38,11,5,0,3,7,5,velah001,Hector Velazquez,3.333,1.342,0.714,0.687,sogae001,Eric Sogard,9,galvf001,Freddy Galvis,6,gurrl001,Lourdes Gurriel,7,biggc002,Cavan Biggio,4,smoaj001,Justin Smoak,3,tellr001,Rowdy Tellez,10,hernt002,Teoscar Hernandez,8,jansd001,Danny Jansen,2,drurb001,Brandon Drury,5,1,0,1,0,0,1,0,0,0,1,1,1,1,0,1,1,0,0,1.6,0,0,0,0,0.5,0,0,0,1.267,0.4,0.6,0.6,0,1.25,3.25,0,0,0.768,0,1.003,0,0,0.637,0,0,0,0.791,0.736,0.877,0.835,0,0.629,0.601,0,0
20190705,89,BAL,4,1,TOR02,1.031,1,31,4,1,1,1,1,2,bundd001,Dylan Bundy,0.806,1.378,0.864,0.706,sogae001,Eric Sogard,9,galvf001,Freddy Galvis,6,guerv002,Vladimir Guerrero,5,biggc002,Cavan Biggio,4,jansd001,Danny Jansen,2,smoaj001,Justin Smoak,3,drurb001,Brandon Drury,7,tellr001,Rowdy Tellez,10,hernt002,Teoscar Hernandez,8,1,0,0,0,0,1,0,0,0,1,1,1,1,1,1,1,0,0,0.5,0,0,0,0,1,0,0,0,0,0,0,0,0.25,2.667,1,0,0,0.781,0,0,0,0,0.634,0,0,0,0.799,0.729,0.871,0.835,0.74,0.64,0.653,0,0
20190706,90,BAL,8,1,TOR02,1.031,1,30,3,0,0,0,1,1,casha001,Andrew Cashner,0.429,1.257,0.864,0.707,galvf001,Freddy Galvis,6,guerv002,Vladimir Guerrero,5,gurrl001,Lourdes Gurriel,7,biggc002,Cavan Biggio,4,jansd001,Danny Jansen,10,smoaj001,Justin Smoak,3,drurb001,Brandon Drury,9,hernt002,Teoscar Hernandez,8,maill001,Luke Maile,2,1,0,1,0,0,1,0,0,0,1,0,0,1,1,1,1,1,0,0,0,0.25,0,0,0,0,0,0,0,0,0,0.5,0.667,0,0,0.667,0,0.777,0,0.977,0,0,0.639,0,0,0,0.786,0,0,0.809,0.733,0.658,0.659,0.484,0
20190707,91,BAL,1,6,TOR02,1.031,1,32,9,3,1,1,6,4,wojca001,Asher Wojciechowski,1.707,1.373,0.636,0.709,sogae001,Eric Sogard,9,galvf001,Freddy Galvis,6,gurrl001,Lourdes Gurriel,7,biggc002,Cavan Biggio,4,guerv002,Vladimir Guerrero,5,smoaj001,Justin Smoak,3,jansd001,Danny Jansen,2,tellr001,Rowdy Tellez,10,hernt002,Teoscar Hernandez,8,1,0,1,0,0,1,0,0,0,1,1,1,1,1,0,1,0,0,1.5,0,1.75,0,0,0.5,0,0,0,0.5,0.75,0,0.25,1.25,0,1.25,0,0,0.768,0,0.965,0,0,0.63,0,0,0,0.777,0.721,0.857,0.799,0.733,0,0.65,0,0
20190712,92,NYA,4,0,NYC21,0.816,0,32,6,0,0,0,0,0,germd001,Domingo German,0.5,1.113,0.727,0.705,sogae001,Eric Sogard,10,galvf001,Freddy Galvis,6,gurrl001,Lourdes Gurriel,7,biggc002,Cavan Biggio,4,guerv002,Vladimir Guerrero,5,smoaj001,Justin Smoak,3,gricr001,Randal Grichuk,9,jansd001,Danny Jansen,2,hernt002,Teoscar Hernandez,8,1,0,1,0,0,1,0,1,0,1,0,1,1,1,0,1,0,0,0.5,0,0,0,0,0,0,0,0,0,0,1,0.5,0.5,0,0.667,0,0,0.775,0,0.981,0,0,0.628,0,0.708,0,0.776,0,0.842,0.786,0.741,0,0.661,0,0
20190713,93,NYA,1,2,NYC21,0.816,0,35,8,1,0,0,2,2,happj001,J.A. Happ,1.176,1.298,0.692,0.705,sogae001,Eric Sogard,9,galvf001,Freddy Galvis,6,gurrl001,Lourdes Gurriel,7,biggc002,Cavan Biggio,4,guerv002,Vladimir Guerrero,10,gricr001,Randal Grichuk,8,tellr001,Rowdy Tellez,3,drurb001,Brandon Drury,5,maill001,Luke Maile,2,1,0,1,0,0,0,0,1,0,0,1,1,1,1,1,0,1,0,0.25,0,0.5,0,0,0,0,1,0,0,0.5,0.6,0.833,0.5,0.5,0,0,0,0.772,0,0.962,0,0,0,0,0.702,0,0,0.721,0.845,0.778,0.737,0.65,0,0.49,0
20190714,94,NYA,4,2,NYC21,0.816,0,35,6,0,0,2,2,1,tanam001,Masahiro Tanaka,0.667,1.213,0.826,0.705,sogae001,Eric Sogard,4,galvf001,Freddy Galvis,6,gurrl001,Lourdes Gurriel,7,biggc002,Cavan Biggio,10,guerv002,Vladimir Guerrero,5,smoaj001,Justin Smoak,3,gricr001,Randal Grichuk,9,jansd001,Danny Jansen,2,hernt002,Teoscar Hernandez,8,1,0,1,0,0,1,0,1,0,1,0,1,1,1,0,1,0,0,0.5,0,0.5,0,0,0,0,1.25,0,0,0,1.833,0,0,0,1,0,0,0.767,0,0.953,0,0,0.62,0,0.705,0,0.767,0,0.84,0.779,0.733,0,0.661,0,0
20190715,95,BOS,10,8,BOS07,1.063,0,40,13,3,0,1,8,0,porcr001,Rick Porcello,1.333,1.484,0.684,0.687,sogae001,Eric Sogard,10,galvf001,Freddy Galvis,6,gurrl001,Lourdes Gurriel,7,biggc002,Cavan Biggio,4,gricr001,Randal Grichuk,8,smoaj001,Justin Smoak,3,jansd001,Danny Jansen,2,mckib001,Billy McKinney,9,drurb001,Brandon Drury,5,1,0,1,0,0,0,0,1,1,1,0,1,1,0,1,1,0,0,0.8,0,0,0,0,0,0,1.35,1.75,0.6,0,1.4,0.4,0,0.583,0.5,0,0,0.764,0,0.944,0,0,0,0,0.712,0.641,0.756,0,0.853,0.758,0,0.645,0.667,0,0
20190716,96,BOS,4,10,BOS07,1.063,0,38,14,3,2,2,9,3,casha001,Andrew Cashner,2,1.197,0.613,0.687,sogae001,Eric Sogard,4,guerv002,Vladimir Guerrero,5,gurrl001,Lourdes Gurriel,10,gricr001,Randal Grichuk,9,jansd001,Danny Jansen,2,smoaj001,Justin Smoak,3,galvf001,Freddy Galvis,6,hernt002,Teoscar Hernandez,8,mckib001,Billy McKinney,7,1,0,1,0,0,1,0,1,1,1,0,1,0,1,0,1,0,0,1,0,1.8,0,0,1.25,0,0.6,1,2.467,0,1,0,0.65,0,0.65,0,0,0.765,0,0.923,0,0,0.614,0,0.72,0.669,0.754,0,0.863,0,0.722,0,0.664,0,0
20190717,97,BOS,5,4,BOS07,1.063,0,32,5,0,0,3,4,7,rodre004,Eduardo Rodriguez,0.984,1.363,0.895,0.686,sogae001,Eric Sogard,7,guerv002,Vladimir Guerrero,5,gurrl001,Lourdes Gurriel,10,gricr001,Randal Grichuk,9,biggc002,Cavan Biggio,4,smoaj001,Justin Smoak,3,galvf001,Freddy Galvis,6,hernt002,Teoscar Hernandez,8,maill001,Luke Maile,2,1,0,1,0,0,1,0,1,0,1,0,1,1,1,0,0,1,0,0,0,1.4,0,0,5,0,0.4,0,0.5,0,0.2,0.5,0,0,0,0,0,0.767,0,0.942,0,0,0.626,0,0.718,0,0.775,0,0.866,0.746,0.721,0,0,0.471,0
20190718,98,BOS,5,0,BOS07,1.063,0,28,2,0,0,0,0,2,salec001,Chris Sale,0.667,1.113,0.846,0.687,galvf001,Freddy Galvis,6,gricr001,Randal Grichuk,9,gurrl001,Lourdes Gurriel,7,smoaj001,Justin Smoak,3,jansd001,Danny Jansen,2,guerv002,Vladimir Guerrero,10,hernt002,Teoscar Hernandez,8,biggc002,Cavan Biggio,4,drurb001,Brandon Drury,5,1,0,1,0,0,1,0,1,0,1,0,0,1,1,1,1,0,0,0,0,0,0,0,0,0,0,0,0.5,0,0,0.333,0.333,0.667,0.333,0,0,0.759,0,0.953,0,0,0.67,0,0.716,0,0.771,0,0,0.744,0.707,0.644,0.664,0,0
20190719,99,DET,1,12,DET05,1.107,0,42,15,2,0,1,11,5,zimmj003,Jordan Zimmermann,3.438,1.631,0.517,0.691,sogae001,Eric Sogard,4,galvf001,Freddy Galvis,6,gurrl001,Lourdes Gurriel,7,smoaj001,Justin Smoak,3,guerv002,Vladimir Guerrero,5,biggc002,Cavan Biggio,10,jansd001,Danny Jansen,2,mckib001,Billy McKinney,9,hernt002,Teoscar Hernandez,8,1,0,1,0,0,1,0,0,1,1,0,1,1,1,0,1,0,0,1.4,0,0.4,0,0,1.85,0,0,0.65,0.4,0,1.167,0.65,1.2,0,0.4,0,0,0.75,0,0.936,0,0,0.661,0,0,0.678,0.768,0,0.855,0.738,0.704,0,0.661,0,0
20190720,100,DET,5,7,DET05,1.107,0,37,12,3,0,2,7,2,norrd002,Daniel Norris,1.5,1.479,0.63,0.689,sogae001,Eric Sogard,10,galvf001,Freddy Galvis,6,gurrl001,Lourdes Gurriel,7,gricr001,Randal Grichuk,9,guerv002,Vladimir Guerrero,5,jansd001,Danny Jansen,2,biggc002,Cavan Biggio,4,hernt002,Teoscar Hernandez,8,drurb001,Brandon Drury,3,1,0,1,0,0,1,0,1,0,0,0,1,1,1,1,1,0,0,1.4,0,0.6,0,0,1,0,0.833,0,0,0,1,0.25,1.75,1.25,0,0,0,0.759,0,0.925,0,0,0.682,0,0.708,0,0,0,0.862,0.736,0.713,0.642,0.656,0,0
20190721,101,DET,4,3,DET05,1.107,0,34,5,2,0,1,3,2,alext001,Tyler Alexander,0.571,1,0.852,0.688,sogae001,Eric Sogard,4,galvf001,Freddy Galvis,6,gurrl001,Lourdes Gurriel,7,gricr001,Randal Grichuk,9,guerv002,Vladimir Guerrero,10,smoaj001,Justin Smoak,3,hernt002,Teoscar Hernandez,8,drurb001,Brandon Drury,5,maill001,Luke Maile,2,1,0,1,0,0,1,0,1,0,1,0,1,0,1,1,0,1,0,0.5,0,2,0,0,0.75,0,0,0,0.25,0,0.5,0,0.25,0,0,0,0,0.768,0,0.918,0,0,0.687,0,0.71,0,0.764,0,0.865,0,0.729,0.651,0,0.463,0
20190722,102,CLE,7,3,TOR02,1.031,1,28,5,0,0,2,3,2,clevm001,Mike Clevinger,1,1.076,0.842,0.711,sogae001,Eric Sogard,10,galvf001,Freddy Galvis,6,gurrl001,Lourdes Gurriel,7,biggc002,Cavan Biggio,4,guerv002,Vladimir Guerrero,5,smoaj001,Justin Smoak,3,gricr001,Randal Grichuk,8,jansd001,Danny Jansen,2,mckib001,Billy McKinney,9,1,0,1,0,0,0,0,1,1,1,0,1,1,1,0,1,0,0,0,0,0.25,0,0,0,0,0,1.667,2.667,0,0.5,0,1.333,0,0.333,0,0,0.765,0,0.936,0,0,0,0,0.702,0.673,0.758,0,0.859,0.726,0.723,0,0.643,0,0
20190723,103,CLE,1,2,TOR02,1.031,1,35,8,1,0,1,2,4,bauet001,Trevor Bauer,0.833,1.203,0.696,0.712,sogae001,Eric Sogard,10,galvf001,Freddy Galvis,6,smoaj001,Justin Smoak,3,biggc002,Cavan Biggio,4,guerv002,Vladimir Guerrero,5,gricr001,Randal Grichuk,9,hernt002,Teoscar Hernandez,8,mckib001,Billy McKinney,7,maill001,Luke Maile,2,1,0,0,0,0,1,0,1,1,1,0,1,1,1,0,0,1,0,0.4,0,0,0,0,0.833,0,0.5,0,1.4,0,0.2,0.25,1.75,0,0,0,0,0.757,0,0,0,0,0.688,0,0.696,0.691,0.772,0,0.854,0.709,0.73,0,0,0.455,0
20190724,104,CLE,4,0,TOR02,1.031,1,27,1,1,0,0,0,1,biebs001,Shane Bieber,0.222,1.072,0.941,0.712,sogae001,Eric Sogard,4,galvf001,Freddy Galvis,6,gurrl001,Lourdes Gurriel,7,guerv002,Vladimir Guerrero,10,smoaj001,Justin Smoak,3,gricr001,Randal Grichuk,9,jansd001,Danny Jansen,2,hernt002,Teoscar Hernandez,8,drurb001,Brandon Drury,5,1,0,1,0,0,1,0,1,0,1,0,1,0,1,1,1,0,0,0,0,0.333,0,0,0,0,0,0,0,0,0.75,0,0.333,0,0,0,0,0.752,0,0.928,0,0,0.691,0,0.694,0,0.783,0,0.845,0,0.742,0.642,0.638,0,0
20190726,105,TBA,3,1,TOR02,1.031,1,30,4,2,0,0,1,3,castd002,Diego Castillo,0,1.499,0.826,0.716,biggc002,Cavan Biggio,4,guerv002,Vladimir Guerrero,5,gurrl001,Lourdes Gurriel,7,smoaj001,Justin Smoak,10,gricr001,Randal Grichuk,9,galvf001,Freddy Galvis,6,jansd001,Danny Jansen,2,drurb001,Brandon Drury,3,hernt002,Teoscar Hernandez,8,1,0,1,0,0,1,0,1,0,1,0,0,1,1,1,1,0,0,0.75,0,0,0,0,0,0,0.5,0,0.833,0,0,0,0.25,1,0.333,0,0,0.745,0,0.923,0,0,0.683,0,0.689,0,0.776,0,0,0.7,0.739,0.635,0.631,0,0
20190727,106,TBA,9,10,TOR02,1.031,1,49,16,3,0,6,10,5,kitta001,Andrew Kittredge,1.667,1.528,0.655,0.717,sogae001,Eric Sogard,9,galvf001,Freddy Galvis,6,gurrl001,Lourdes Gurriel,7,gricr001,Randal Grichuk,10,guerv002,Vladimir Guerrero,5,biggc002,Cavan Biggio,4,jansd001,Danny Jansen,2,drurb001,Brandon Drury,3,hernt002,Teoscar Hernandez,8,1,0,1,0,0,1,0,1,0,0,0,1,1,1,1,1,0,0,0.333,0,1.167,0,0,1.667,0,0.733,0,0,0,0.667,2,1.333,2.333,0,0,0,0.745,0,0.909,0,0,0.675,0,0.687,0,0,0,0.843,0.685,0.733,0.639,0.628,0,0
20190728,107,TBA,10,9,TOR02,1.031,1,39,12,2,0,2,8,6,chiry001,Yonny Chirinos,2.75,1.043,0.615,0.716,biggc002,Cavan Biggio,4,galvf001,Freddy Galvis,6,gurrl001,Lourdes Gurriel,7,smoaj001,Justin Smoak,3,guerv002,Vladimir Guerrero,10,drurb001,Brandon Drury,5,mckib001,Billy McKinney,9,hernt002,Teoscar Hernandez,8,mcgur002,Reese McGuire,2,1,0,1,0,0,1,0,0,1,1,0,0,1,1,1,0,0,1,0.4,0,0.8,0,0,1.8,0,0,1.4,1.933,0,0,0.4,1.4,0.2,0,0,0.4,0.738,0,0.914,0,0,0.698,0,0,0.679,0.778,0,0,0.712,0.746,0.675,0,0,0
20190729,108,KCA,3,7,KAN06,1.074,0,38,11,0,1,3,7,3,kellb003,Brad Keller,1.143,1.386,0.692,0.688,biggc002,Cavan Biggio,4,gricr001,Randal Grichuk,9,guerv002,Vladimir Guerrero,5,smoaj001,Justin Smoak,3,drurb001,Brandon Drury,7,bichb001,Bo Bichette,6,mckib001,Billy McKinney,10,hernt002,Teoscar Hernandez,8,jansd001,Danny Jansen,2,0,1,0,0,0,1,0,1,1,1,0,0,1,1,1,1,0,0,0,0.5,0,0,0,1.833,0,2.2,0,0.2,0,0,1.8,0.65,0.4,0.5,0,0,0,0,0,0,0,0.714,0,0.687,0.697,0.791,0,0,0.704,0.757,0.668,0.617,0,0
20190730,109,KCA,2,9,KAN06,1.074,0,38,10,1,0,1,8,5,montm002,Mike Montgomery,1.951,1.714,0.71,0.688,bichb001,Bo Bichette,6,galvf001,Freddy Galvis,10,gurrl001,Lourdes Gurriel,7,gricr001,Randal Grichuk,9,guerv002,Vladimir Guerrero,5,biggc002,Cavan Biggio,4,hernt002,Teoscar Hernandez,8,drurb001,Brandon Drury,3,jansd001,Danny Jansen,2,1,1,1,0,0,1,0,1,0,0,0,0,1,1,1,1,0,0,0.8,1.1,0.933,0,0,0.4,0,0.4,0,0,0,0,0.2,1.4,0.2,1.167,0,0,0.734,0.5,0.912,0,0,0.727,0,0.707,0,0,0,0,0.734,0.756,0.663,0.615,0,0
20190731,110,KCA,1,4,KAN06,1.074,0,35,9,3,0,2,4,4,junij001,Jake Junis,1.143,1.455,0.731,0.688,bichb001,Bo Bichette,6,biggc002,Cavan Biggio,4,gurrl001,Lourdes Gurriel,7,smoaj001,Justin Smoak,3,gricr001,Randal Grichuk,8,galvf001,Freddy Galvis,10,mckib001,Billy McKinney,9,drurb001,Brandon Drury,5,mcgur002,Reese McGuire,2,1,1,1,0,0,0,0,1,1,1,0,0,1,0,1,0,0,1,1.25,2,0.5,0,0,0,0,0,0,0.833,0,0,1.267,0,0.5,0,0,0.5,0.735,0.819,0.914,0,0,0,0,0.703,0.681,0.783,0,0,0.722,0,0.657,0,0,0.4
20190801,111,BAL,2,11,BAL12,1.088,0,41,14,2,0,5,11,5,wojca001,Asher Wojciechowski,2.143,0.979,0.64,0.711,bichb001,Bo Bichette,10,biggc002,Cavan Biggio,4,guerv002,Vladimir Guerrero,5,smoaj001,Justin Smoak,3,gricr001,Randal Grichuk,9,galvf001,Freddy Galvis,6,hernt002,Teoscar Hernandez,8,mckib001,Billy McKinney,7,jansd001,Danny Jansen,2,1,1,0,0,0,1,0,1,1,1,0,0,1,1,0,1,0,0,0.2,1.1,0,0,0,0.4,0,1.85,1.4,0.2,0,0,0.667,2.6,0,1.8,0,0,0.74,1.269,0,0,0,0.724,0,0.696,0.667,0.784,0,0,0.732,0.767,0,0.622,0,0
20190802,112,BAL,2,5,BAL12,1.088,0,34,8,2,0,2,5,4,brooa001,Aaron Brooks,1.6,1.356,0.769,0.711,bichb001,Bo Bichette,6,biggc002,Cavan Biggio,9,gurrl001,Lourdes Gurriel,7,guerv002,Vladimir Guerrero,5,smoaj001,Justin Smoak,10,galvf001,Freddy Galvis,4,drurb001,Brandon Drury,3,fishd001,Derek Fisher,8,jansd001,Danny Jansen,2,1,1,1,1,0,0,0,0,0,1,0,0,1,1,1,1,0,0,2.25,0.9,0.75,0.5,0,0,0,0,0,0.5,0,0,0,0.833,1.25,0,0,0,0.735,1.222,0.913,0,0,0,0,0,0,0.776,0,0,0.73,0.797,0.655,0.643,0,0
20190803,113,BAL,6,4,BAL12,1.088,0,35,12,3,0,2,4,1,bundd001,Dylan Bundy,1.176,1.417,0.545,0.711,bichb001,Bo Bichette,6,galvf001,Freddy Galvis,4,gurrl001,Lourdes Gurriel,7,guerv002,Vladimir Guerrero,5,smoaj001,Justin Smoak,3,gricr001,Randal Grichuk,10,fishd001,Derek Fisher,9,hernt002,Teoscar Hernandez,8,mcgur002,Reese McGuire,2,1,1,1,1,0,1,0,1,0,1,0,0,0,1,0,0,0,1,2.667,1,0.5,0,0,1,0,0,0,0,0,0,0,1.75,0,0,0,1.25,0.749,1.162,0.911,0.5,0,0.719,0,0.708,0,0.775,0,0,0,0.798,0,0,0,0.444
20190804,114,BAL,6,5,BAL12,1.088,0,39,13,4,0,2,5,4,yacaj001,Jimmy Yacabonis,3,2.041,0.607,0.71,bichb001,Bo Bichette,6,biggc002,Cavan Biggio,4,gurrl001,Lourdes Gurriel,7,guerv002,Vladimir Guerrero,10,smoaj001,Justin Smoak,3,gricr001,Randal Grichuk,9,hernt002,Teoscar Hernandez,8,drurb001,Brandon Drury,5,jansd001,Danny Jansen,2,0,1,1,0,0,1,0,1,0,1,0,0,1,1,1,1,0,0,0,1.6,0.4,0,0,0.8,0,2,0,0.25,0,0,1.4,1.4,0.5,0,0,0,0,1.133,0.905,0,0,0.722,0,0.701,0,0.765,0,0,0.716,0.81,0.665,0.634,0,0
20190805,115,TBA,0,2,STP01,0.895,0,35,9,2,0,1,2,0,mortc002,Charlie Morton,1,1.096,0.667,0.713,bichb001,Bo Bichette,6,biggc002,Cavan Biggio,4,gurrl001,Lourdes Gurriel,7,smoaj001,Justin Smoak,3,guerv002,Vladimir Guerrero,5,galvf001,Freddy Galvis,10,gricr001,Randal Grichuk,9,fishd001,Derek Fisher,8,mcgur002,Reese McGuire,2,1,1,1,1,0,0,0,1,0,1,0,0,1,1,0,0,0,1,1,2,0,0,0,0,0,1.25,0,0.5,0,0,0.5,0.5,0,0,0,0,0.761,1.207,0.9,0.5,0,0,0,0.717,0,0.76,0,0,0.73,0.819,0,0,0,0.692
20190806,116,TBA,7,6,STP01,0.895,0,39,8,2,0,2,4,2,kitta001,Andrew Kittredge,1.5,1.488,0.7,0.712,bichb001,Bo Bichette,10,biggc002,Cavan Biggio,4,gurrl001,Lourdes Gurriel,7,guerv002,Vladimir Guerrero,5,galvf001,Freddy Galvis,6,gricr001,Randal Grichuk,9,hernt002,Teoscar Hernandez,8,drurb001,Brandon Drury,3,jansd001,Danny Jansen,2,1,1,1,0,0,1,0,1,0,0,0,0,1,1,1,1,0,0,0,1,0,0,0,0.25,0,0.5,0,0,0,0,1.4,0,2.25,0.75,0,0,0.763,1.295,0.89,0,0,0.724,0,0.722,0,0,0,0,0.726,0.815,0.663,0.625,0,0
20190807,117,TBA,3,4,STP01,0.895,0,34,7,2,0,3,4,2,mckab001,Brendan McKay,1.4,1.198,0.778,0.712,bichb001,Bo Bichette,6,galvf001,Freddy Galvis,4,gurrl001,Lourdes Gurriel,10,gricr001,Randal Grichuk,9,smoaj001,Justin Smoak,3,drurb001,Brandon Drury,5,fishd001,Derek Fisher,7,hernt002,Teoscar Hernandez,8,mcgur002,Reese McGuire,2,1,1,1,1,0,1,0,1,0,1,0,0,0,0,1,0,0,1,0.75,1.167,1.25,1.25,0,0,0,1.833,0,0.5,0,0,0,0,0.5,0,0,0,0.754,1.259,0.875,0.25,0,0.718,0,0.72,0,0.757,0,0,0,0,0.683,0,0,0.529
20190808,118,NYA,12,6,TOR02,1.031,1,40,12,3,0,3,6,2,germd001,Domingo German,1.8,1.109,0.654,0.703,bichb001,Bo Bichette,6,biggc002,Cavan Biggio,4,gurrl001,Lourdes Gurriel,7,guerv002,Vladimir Guerrero,5,galvf001,Freddy Galvis,10,smoaj001,Justin Smoak,3,gricr001,Randal Grichuk,9,fishd001,Derek Fisher,8,mcgur002,Reese McGuire,2,1,1,1,1,0,0,0,1,0,1,0,0,1,1,0,0,0,1,0.8,1.6,0.8,1.25,0,0,0,0,0,0.2,0,0,0.2,0.6,0,0,0,3,0.754,1.254,0.88,0.583,0,0,0,0.728,0,0.754,0,0,0.739,0.803,0,0,0,0.429
20190809,119,NYA,2,8,TOR02,1.031,1,29,6,2,0,4,8,5,happj001,J.A. Happ,1.4,1.381,0.889,0.702,bichb001,Bo Bichette,6,biggc002,Cavan Biggio,4,guerv002,Vladimir Guerrero,5,gricr001,Randal Grichuk,9,galvf001,Freddy Galvis,10,hernt002,Teoscar Hernandez,8,drurb001,Brandon Drury,3,fishd001,Derek Fisher,7,jansd001,Danny Jansen,2,1,1,0,1,0,1,0,1,0,0,0,0,1,1,1,1,0,0,0.75,0.25,0,0.333,0,3.417,0,1.25,0,0,0,0,0.25,0.25,0.75,1.667,0,0,0.755,1.29,0,0.75,0,0.709,0,0.721,0,0,0,0,0.729,0.8,0.681,0.627,0,0
20190810,120,NYA,4,5,TOR02,1.031,1,29,5,0,1,1,5,8,greec003,Chad Green,1,1.583,0.714,0.703,bichb001,Bo Bichette,10,biggc002,Cavan Biggio,4,guerv002,Vladimir Guerrero,5,gricr001,Randal Grichuk,9,smoaj001,Justin Smoak,3,galvf001,Freddy Galvis,6,fishd001,Derek Fisher,7,hernt002,Teoscar Hernandez,8,jansd001,Danny Jansen,2,1,1,0,1,0,1,0,1,0,1,0,0,1,1,0,1,0,0,0,0.2,0,0.833,0,2.75,0,0,0,0.25,0,0,0.5,2.083,0,0.5,0,0,0.755,1.227,0,0.711,0,0.738,0,0.726,0,0.747,0,0,0.722,0.795,0,0.638,0,0
20190811,121,NYA,1,0,TOR02,1.031,1,29,4,0,0,0,0,0,tanam001,Masahiro Tanaka,0.375,1.353,0.833,0.703,bichb001,Bo Bichette,6,biggc002,Cavan Biggio,10,galvf001,Freddy Galvis,4,gricr001,Randal Grichuk,9,smoaj001,Justin Smoak,3,hernt002,Teoscar Hernandez,8,fishd001,Derek Fisher,7,drurb001,Brandon Drury,5,mcgur002,Reese McGuire,2,1,1,0,1,0,1,0,1,0,1,0,0,1,0,1,0,0,1,0,1,0,0,0,0,0,0,0,0.667,0,0,0,0,0.667,0,0,0,0.748,1.151,0,0.737,0,0.754,0,0.72,0,0.743,0,0,0.718,0,0.682,0,0,0.84
20190812,122,TEX,4,19,TOR02,1.031,1,43,21,9,0,4,19,4,juraa001,Ariel Jurado,3.75,1.408,0.469,0.686,bichb001,Bo Bichette,6,biggc002,Cavan Biggio,4,guerv002,Vladimir Guerrero,5,smoaj001,Justin Smoak,10,gricr001,Randal Grichuk,9,hernt002,Teoscar Hernandez,8,fishd001,Derek Fisher,7,drurb001,Brandon Drury,3,jansd001,Danny Jansen,2,0,1,0,1,0,1,0,1,0,1,0,0,1,1,1,1,0,0,0,1.667,0,0.933,0,0.9,0,2,0,2.2,0,0,1,1.35,1.4,1.8,0,0,0,1.141,0,0.647,0,0.746,0,0.715,0,0.742,0,0,0.706,0.805,0.682,0.638,0,0
20190813,123,TEX,0,3,TOR02,1.031,1,30,6,1,0,3,3,4,lynnl001,Lance Lynn,1.4,1.204,0.842,0.684,bichb001,Bo Bichette,6,biggc002,Cavan Biggio,4,guerv002,Vladimir Guerrero,5,smoaj001,Justin Smoak,3,gricr001,Randal Grichuk,10,hernt002,Teoscar Hernandez,8,mckib001,Billy McKinney,9,drurb001,Brandon Drury,7,mcgur002,Reese McGuire,2,0,1,0,0,0,1,0,1,1,1,0,0,1,1,1,0,0,1,0,0.25,0,0,0,1.25,0,1.75,1.833,0.833,0,0,0.25,0.75,0,0,0,0,0,1.187,0,0,0,0.749,0,0.729,0.686,0.763,0,0,0.714,0.812,0.693,0,0,0.778
20190814,124,TEX,7,3,TOR02,1.031,1,34,6,2,1,0,2,4,allak001,Kolby Allard,1.346,1.463,0.714,0.685,bichb001,Bo Bichette,6,biggc002,Cavan Biggio,4,guerv002,Vladimir Guerrero,10,gricr001,Randal Grichuk,9,hernt002,Teoscar Hernandez,8,tellr001,Rowdy Tellez,3,drurb001,Brandon Drury,5,fishd001,Derek Fisher,7,jansd001,Danny Jansen,2,0,1,0,1,0,1,0,1,0,0,1,0,1,1,1,1,0,0,0,0.6,0,0,0,0.25,0,1.5,0,0,0.833,0,1.267,0,0,1,0,0,0,1.144,0,0.698,0,0.755,0,0.739,0,0,0.715,0,0.708,0.811,0.686,0.658,0,0
20190816,125,SEA,3,7,TOR02,1.031,1,33,11,2,0,4,7,1,wislm001,Matt Wisler,0,0.909,0.708,0.702,bichb001,Bo Bichette,6,biggc002,Cavan Biggio,4,guerv002,Vladimir Guerrero,5,gricr001,Randal Grichuk,9,smoaj001,Justin Smoak,3,hernt002,Teoscar Hernandez,8,drurb001,Brandon Drury,10,fishd001,Derek Fisher,7,jansd001,Danny Jansen,2,0,1,0,1,0,1,0,1,0,1,0,0,1,1,1,1,0,0,0,0,0,1.667,0,1.25,0,1.833,0,0.75,0,0,1,1.75,0.5,1.667,0,0,0,1.109,0,0.612,0,0.75,0,0.744,0,0.764,0,0,0.716,0.8,0.678,0.662,0,0
20190817,126,SEA,4,3,TOR02,1.031,1,34,9,3,0,2,3,3,mcclr001,Reggie McClain,2,1,0.731,0.702,bichb001,Bo Bichette,6,biggc002,Cavan Biggio,4,guerv002,Vladimir Guerrero,5,tellr001,Rowdy Tellez,3,gricr001,Randal Grichuk,8,smoaj001,Justin Smoak,10,fishd001,Derek Fisher,7,mckib001,Billy McKinney,9,mcgur002,Reese McGuire,2,0,1,0,1,0,0,0,1,1,1,1,0,1,1,0,0,0,1,0,1.4,0,0.25,0,0,0,0,0.5,1.75,0.5,0,0.5,0,0,0,0,2,0,1.054,0,0.704,0,0,0,0.752,0.705,0.764,0.717,0,0.721,0.811,0,0,0,0.7
20190818,127,SEA,7,0,TOR02,1.031,1,28,2,1,0,0,0,1,kikuy001,Yusei Kikuchi,0.333,1.548,0.9,0.702,bichb001,Bo Bichette,6,biggc002,Cavan Biggio,4,gricr001,Randal Grichuk,9,hernt002,Teoscar Hernandez,8,smoaj001,Justin Smoak,3,tellr001,Rowdy Tellez,10,drurb001,Brandon Drury,5,jansd001,Danny Jansen,2,mckib001,Billy McKinney,7,0,1,0,0,0,1,0,1,1,1,1,0,1,0,1,1,0,0,0,0,0,0,0,0,0,0.667,0,0,0.333,0,0,0,1,0,0,0,0,1.075,0,0,0,0.756,0,0.745,0.701,0.771,0.714,0,0.717,0,0.679,0.673,0,0
20190820,128,LAN,16,3,LOS03,0.905,0,30,7,1,0,3,3,4,kersc001,Clayton Kershaw,1.5,1.005,0.789,0.725,bichb001,Bo Bichette,6,drurb001,Brandon Drury,4,guerv002,Vladimir Guerrero,5,gricr001,Randal Grichuk,9,hernt002,Teoscar Hernandez,8,smoaj001,Justin Smoak,3,jansd001,Danny Jansen,2,fishd001,Derek Fisher,7,boshb001,Buddy Boshers,1,0,1,0,1,0,1,0,1,0,1,0,0,0,1,1,1,0,0,0,2.5,0,1.667,0,0.333,0,0,0,0.75,0,0,0,2,0.5,0.25,0,0,0,1.027,0,0.667,0,0.749,0,0.745,0,0.765,0,0,0,0.809,0.682,0.666,0,0
20190821,129,LAN,2,1,LOS03,0.905,0,36,6,2,0,1,1,1,buehw001,Walker Buehler,0.714,1.045,0.792,0.725,bichb001,Bo Bichette,6,biggc002,Cavan Biggio,4,gricr001,Randal Grichuk,9,tellr001,Rowdy Tellez,3,drurb001,Brandon Drury,5,mckib001,Billy McKinney,7,hernt002,Teoscar Hernandez,8,mcgur002,Reese McGuire,2,fontw001,Wilmer Font,1,0,1,0,0,0,1,0,1,1,0,1,0,1,0,1,0,0,1,0,0.4,0,0,0,0,0,0.75,1.25,0,1.25,0,0.5,0,0,0,0,0,0,1.091,0,0,0,0.747,0,0.738,0.687,0,0.709,0,0.706,0,0.68,0,0,0.853
20190822,130,LAN,3,2,LOS03,0.905,0,31,5,0,0,1,2,1,maedk001,Kenta Maeda,0.833,1.156,0.733,0.726,bichb001,Bo Bichette,6,biggc002,Cavan Biggio,4,guerv002,Vladimir Guerrero,5,tellr001,Rowdy Tellez,3,gricr001,Randal Grichuk,8,mckib001,Billy McKinney,9,jansd001,Danny Jansen,2,fishd001,Derek Fisher,7,waguj001,Jacob Waguespack,1,0,1,0,1,0,0,0,1,1,0,1,0,1,1,0,1,0,0,0,0,0,0,0,0,0,0.5,1,0,0,0,0,2.25,0,0,0,0,0,1.056,0,0.724,0,0,0,0.738,0.698,0,0.717,0,0.703,0.818,0,0.662,0,0
20190823,131,SEA,7,4,SEA03,0.952,0,38,11,2,0,0,4,3,shefj001,Justus Sheffield,2.5,2,0.633,0.704,bichb001,Bo Bichette,6,fishd001,Derek Fisher,7,guerv002,Vladimir Guerrero,10,gricr001,Randal Grichuk,9,smoaj001,Justin Smoak,3,hernt002,Teoscar Hernandez,8,biggc002,Cavan Biggio,4,drurb001,Brandon Drury,5,mcgur002,Reese McGuire,2,0,1,0,1,0,1,0,1,0,1,0,0,1,1,1,0,0,1,0,1.2,0,0.65,0,1.25,0,0.6,0,0.65,0,0,0.833,0.4,0,0,0,0.5,0,1.014,0,0.677,0,0.736,0,0.736,0,0.765,0,0,0.693,0.833,0.67,0,0,0.763
20190824,132,SEA,5,7,SEA03,0.952,0,32,7,4,0,2,7,8,hernf002,Felix Hernandez,1.154,1.518,0.773,0.703,bichb001,Bo Bichette,6,biggc002,Cavan Biggio,4,guerv002,Vladimir Guerrero,5,tellr001,Rowdy Tellez,10,gricr001,Randal Grichuk,9,smoaj001,Justin Smoak,3,hernt002,Teoscar Hernandez,8,mckib001,Billy McKinney,7,jansd001,Danny Jansen,2,0,1,0,0,0,1,0,1,1,1,1,0,1,1,0,1,0,0,0,2,0,0,0,2.75,0,0.9,0.75,0,0.9,0,0.4,0.2,0,0.5,0,0,0,1.023,0,0,0,0.742,0,0.735,0.701,0.764,0.707,0,0.695,0.828,0,0.656,0,0
20190825,133,SEA,3,1,SEA03,0.952,0,32,5,3,0,0,1,3,gonzm005,Marco Gonzales,0.714,1.388,0.792,0.704,bichb001,Bo Bichette,6,biggc002,Cavan Biggio,4,guerv002,Vladimir Guerrero,10,tellr001,Rowdy Tellez,3,gricr001,Randal Grichuk,9,fishd001,Derek Fisher,7,hernt002,Teoscar Hernandez,8,drurb001,Brandon Drury,5,mcgur002,Reese McGuire,2,0,1,0,1,0,1,0,1,0,0,1,0,1,1,1,0,0,1,0,1.25,0,1.167,0,0,0,0,0,0,0.833,0,0.25,0.75,0,0,0,0,0,1.066,0,0.676,0,0.756,0,0.737,0,0,0.71,0,0.692,0.821,0.663,0,0,0.738
20190827,134,ATL,1,3,TOR02,1.031,1,30,10,0,0,1,3,4,sorom001,Mike Soroka,1.333,1.1,0.64,0.691,bichb001,Bo Bichette,6,biggc002,Cavan Biggio,4,guerv002,Vladimir Guerrero,5,tellr001,Rowdy Tellez,3,gricr001,Randal Grichuk,8,smoaj001,Justin Smoak,10,mckib001,Billy McKinney,9,mcgur002,Reese McGuire,2,fishd001,Derek Fisher,7,0,1,0,1,0,0,0,1,1,1,1,0,1,1,0,0,0,1,0,0.5,0,0,0,0,0,0,0,2.417,0.5,0,1.417,1,0,0,0,2,0,1.073,0,0.707,0,0,0,0.731,0.702,0.756,0.712,0,0.686,0.82,0,0,0,0.689
20190828,135,ATL,9,4,TOR02,1.031,1,37,10,3,0,0,3,3,foltm001,Mike Foltynewicz,2.381,1.425,0.643,0.69,bichb001,Bo Bichette,6,biggc002,Cavan Biggio,4,guerv002,Vladimir Guerrero,5,tellr001,Rowdy Tellez,10,gricr001,Randal Grichuk,9,smoaj001,Justin Smoak,3,hernt002,Teoscar Hernandez,8,drurb001,Brandon Drury,7,jansd001,Danny Jansen,2,0,1,0,0,0,1,0,1,0,1,1,0,1,1,1,1,0,0,0,0.4,0,0,0,0.75,0,1.25,0,0.833,0.2,0,0.9,0.8,0.667,0.5,0,0,0,1.053,0,0,0,0.747,0,0.725,0,0.77,0.709,0,0.695,0.822,0.655,0.656,0,0
20190830,136,HOU,7,4,TOR02,1.031,1,33,8,1,0,3,4,7,milew001,Wade Miley,2.188,1.226,0.75,0.73,bichb001,Bo Bichette,6,biggc002,Cavan Biggio,4,guerv002,Vladimir Guerrero,5,gricr001,Randal Grichuk,9,hernt002,Teoscar Hernandez,8,smoaj001,Justin Smoak,10,drurb001,Brandon Drury,3,fishd001,Derek Fisher,7,mcgur002,Reese McGuire,2,0,1,0,1,0,1,0,1,0,1,0,0,1,1,1,0,0,1,0,0.6,0,1.833,0,0.65,0,0.2,0,0.833,0,0,1.933,0.25,0,0,0,3,0,1.027,0,0.67,0,0.747,0,0.729,0,0.771,0,0,0.698,0.821,0.656,0,0,0.76
20190831,137,HOU,4,6,TOR02,1.031,1,33,10,1,0,2,6,4,valdf001,Framber Valdez,2.308,1.596,0.667,0.73,bichb001,Bo Bichette,6,biggc002,Cavan Biggio,4,guerv002,Vladimir Guerrero,10,gricr001,Randal Grichuk,9,hernt002,Teoscar Hernandez,8,drurb001,Brandon Drury,5,tellr001,Rowdy Tellez,3,jansd001,Danny Jansen,2,fishd001,Derek Fisher,7,0,1,0,1,0,1,0,1,0,0,1,0,1,1,1,1,0,0,0,0.8,0,0,0,1.25,0,0.5,0,0,0.25,0,2.75,0.833,1.417,0.5,0,0,0,1.011,0,0.733,0,0.746,0,0.725,0,0,0.702,0,0.713,0.817,0.649,0.654,0,0
20190901,138,HOU,2,0,TOR02,1.031,1,27,0,0,0,0,0,1,verlj001,Justin Verlander,0.111,0.807,1,0.729,bichb001,Bo Bichette,6,biggc002,Cavan Biggio,4,guerv002,Vladimir Guerrero,5,smoaj001,Justin Smoak,3,tellr001,Rowdy Tellez,10,gricr001,Randal Grichuk,8,mckib001,Billy McKinney,9,drurb001,Brandon Drury,7,mcgur002,Reese McGuire,2,0,1,0,0,0,0,0,1,1,1,1,0,1,1,1,0,0,1,0,0,0,0,0,0,0,0,0,0,0,0,0.333,0,0,0,0,0,0,1.003,0,0,0,0,0,0.723,0.689,0.771,0.697,0,0.736,0.817,0.656,0,0,0.894
20190902,139,ATL,6,3,ATL03,1.003,0,31,5,1,0,2,3,2,sorom001,Mike Soroka,1.4,1.11,0.833,0.69,bichb001,Bo Bichette,6,biggc002,Cavan Biggio,4,gricr001,Randal Grichuk,9,smoaj001,Justin Smoak,3,hernt002,Teoscar Hernandez,8,mckib001,Billy McKinney,7,drurb001,Brandon Drury,5,jansd001,Danny Jansen,2,waguj001,Jacob Waguespack,1,0,1,0,0,0,1,0,1,1,1,0,0,1,0,1,1,0,0,0,0.833,0,0,0,0,0,1.583,0.25,0,0,0,0.75,0,0.5,0,0,0,0,0.974,0,0,0,0.752,0,0.719,0.68,0.766,0,0,0.733,0,0.651,0.652,0,0
20190903,140,ATL,7,2,ATL03,1.003,0,30,6,3,0,1,2,3,foltm001,Mike Foltynewicz,1,1.472,0.792,0.691,bichb001,Bo Bichette,6,biggc002,Cavan Biggio,4,guerv002,Vladimir Guerrero,5,tellr001,Rowdy Tellez,3,gricr001,Randal Grichuk,9,fishd001,Derek Fisher,7,hernt002,Teoscar Hernandez,8,taylb003,Beau Taylor,2,fontw001,Wilmer Font,1,0,1,0,1,0,1,0,1,0,0,1,0,1,1,0,0,0,0,0,0.5,0,1.75,0,1,0,0,0,0,1.25,0,0.25,0.25,0,0,0,0,0,0.972,0,0.676,0,0.744,0,0.724,0,0,0.704,0,0.733,0.811,0,0,0,0
20190905,141,TBA,6,4,STP01,0.895,0,34,8,1,1,2,4,3,pruia001,Austin Pruitt,1,1.341,0.7,0.708,bichb001,Bo Bichette,6,biggc002,Cavan Biggio,4,gricr001,Randal Grichuk,9,guerv002,Vladimir Guerrero,5,tellr001,Rowdy Tellez,10,hernt002,Teoscar Hernandez,8,smoaj001,Justin Smoak,3,mcgur002,Reese McGuire,2,fishd001,Derek Fisher,7,0,1,0,1,0,1,0,1,0,1,1,0,1,1,0,0,0,1,0,2,0,0.25,0,0.5,0,0,0,0.25,0,0,0.2,2.083,0,0,0,1.75,0,0.959,0,0.73,0,0.746,0,0.718,0,0.758,0.712,0,0.728,0.806,0,0,0,0.828
20190906,142,TBA,5,0,STP01,0.895,0,29,2,0,1,0,0,2,mckab001,Brendan McKay,0.313,1.506,0.875,0.708,bichb001,Bo Bichette,6,hernt002,Teoscar Hernandez,8,gricr001,Randal Grichuk,10,guerv002,Vladimir Guerrero,5,tellr001,Rowdy Tellez,3,drurb001,Brandon Drury,4,davij007,Jonathan Davis,9,jansd001,Danny Jansen,2,alfoa002,Anthony Alford,7,0,1,0,0,0,1,1,1,0,0,1,0,0,1,1,1,0,0,0,0.25,0,0,0,0,0,1,0,0,0,0,0,0,0,0.333,0,0,0,0.994,0,0,0,0.743,0.373,0.713,0,0,0.707,0,0,0.817,0.647,0.646,0,0
20190907,143,TBA,5,3,STP01,0.895,0,32,6,3,0,0,3,3,mortc002,Charlie Morton,1.167,1.118,0.667,0.709,bichb001,Bo Bichette,6,biggc002,Cavan Biggio,4,tellr001,Rowdy Tellez,3,guerv002,Vladimir Guerrero,5,smoaj001,Justin Smoak,10,mcgur002,Reese McGuire,2,davij007,Jonathan Davis,8,mckib001,Billy McKinney,9,fishd001,Derek Fisher,7,0,1,0,1,0,0,1,0,1,1,1,0,1,1,0,0,0,1,0,0,0,0,0,0,1.25,0,0,1.167,1.25,0,0.4,0.75,0,0,0,0.5,0,0.979,0,0.709,0,0,0.352,0,0.681,0.754,0.701,0,0.721,0.809,0,0,0,0.891
20190908,144,TBA,8,3,STP01,0.895,0,33,6,1,0,1,3,2,glast001,Tyler Glasnow,1.5,0.928,0.773,0.709,bichb001,Bo Bichette,6,hernt002,Teoscar Hernandez,8,tellr001,Rowdy Tellez,3,guerv002,Vladimir Guerrero,10,gricr001,Randal Grichuk,9,davij007,Jonathan Davis,7,drurb001,Brandon Drury,5,jansd001,Danny Jansen,2,urenr001,Richard Urena,4,0,1,0,0,0,1,1,1,0,0,1,0,0,1,1,1,0,0,0,0.5,0,0,0,0,0.5,1.25,0,0,0.75,0,0,0.833,0.833,0,0,0,0,0.948,0,0,0,0.734,0.415,0.715,0,0,0.707,0,0,0.808,0.642,0.644,0,0
20190910,145,BOS,3,4,TOR02,1.031,1,32,9,1,0,3,4,5,eovan001,Nathan Eovaldi,1.951,1.54,0.684,0.688,bichb001,Bo Bichette,6,biggc002,Cavan Biggio,4,guerv002,Vladimir Guerrero,5,tellr001,Rowdy Tellez,3,gricr001,Randal Grichuk,9,smoaj001,Justin Smoak,10,mcgur002,Reese McGuire,2,davij007,Jonathan Davis,8,fishd001,Derek Fisher,7,0,1,0,1,0,0,1,1,0,1,1,0,1,1,0,0,0,1,0,0.4,0,0.5,0,0,0.667,0.75,0,0.5,1.75,0,1.933,0,0,0,0,2.417,0,0.937,0,0.68,0,0,0.42,0.719,0,0.757,0.707,0,0.718,0.809,0,0,0,0.866
20190911,146,BOS,0,8,TOR02,1.031,1,32,11,2,0,2,8,3,poynb001,Bobby Poyner,0,2.167,0.609,0.688,bichb001,Bo Bichette,6,biggc002,Cavan Biggio,4,guerv002,Vladimir Guerrero,5,tellr001,Rowdy Tellez,10,gricr001,Randal Grichuk,9,hernt002,Teoscar Hernandez,7,davij007,Jonathan Davis,8,drurb001,Brandon Drury,3,jansd001,Danny Jansen,2,0,1,0,0,0,1,1,1,0,0,1,0,1,1,1,1,0,0,0,0.5,0,0,0,1.75,0,1.25,0,0,1.25,0,1.75,0.583,0.5,1,0,0,0,0.921,0,0,0,0.728,0.431,0.719,0,0,0.72,0,0.731,0.801,0.644,0.636,0,0
20190912,147,BOS,7,4,TOR02,1.031,1,33,7,2,1,0,4,6,chacj001,Jhoulys Chacin,1.818,0.333,0.72,0.688,bichb001,Bo Bichette,6,biggc002,Cavan Biggio,4,guerv002,Vladimir Guerrero,5,tellr001,Rowdy Tellez,3,smoaj001,Justin Smoak,10,gricr001,Randal Grichuk,8,mcgur002,Reese McGuire,2,mckib001,Billy McKinney,9,fishd001,Derek Fisher,7,0,1,0,1,0,0,0,1,1,1,1,0,1,1,0,0,0,1,0,0.9,0,0.25,0,0,0,0.75,0,0.2,0,0,2.05,0.4,0,0,0,0.5,0,0.911,0,0.68,0,0,0,0.723,0.671,0.755,0.726,0,0.742,0.799,0,0,0,0.943
20190913,148,NYA,5,6,TOR02,1.031,1,44,13,2,0,2,4,2,tanam001,Masahiro Tanaka,1.6,1.272,0.656,0.706,bichb001,Bo Bichette,10,biggc002,Cavan Biggio,4,guerv002,Vladimir Guerrero,5,tellr001,Rowdy Tellez,3,gricr001,Randal Grichuk,9,mcgur002,Reese McGuire,2,hernt002,Teoscar Hernandez,8,mckib001,Billy McKinney,7,urenr001,Richard Urena,6,0,1,0,0,0,1,0,1,1,0,1,0,1,1,0,0,0,1,0,2.067,0,0,0,0.8,0,1,0.4,0,0.667,0,0.8,0,0,0,0,0.6,0,0.911,0,0,0,0.738,0,0.723,0.668,0,0.717,0,0.759,0.795,0,0,0,0.934
20190914,149,NYA,13,3,TOR02,1.031,1,35,9,3,0,0,3,3,paxtj001,James Paxton,1,1.351,0.667,0.706,bichb001,Bo Bichette,6,gricr001,Randal Grichuk,9,gurrl001,Lourdes Gurriel,10,guerv002,Vladimir Guerrero,5,hernt002,Teoscar Hernandez,7,smoaj001,Justin Smoak,3,drurb001,Brandon Drury,4,jansd001,Danny Jansen,2,davij007,Jonathan Davis,8,0,1,1,0,0,1,1,1,0,1,0,0,0,1,1,1,0,0,0,0.333,1.75,0,0,0.5,0.25,0.667,0,0,0,0,0,0.4,1.25,0.25,0,0,0,0.945,0.879,0,0,0.739,0.406,0.726,0,0.749,0,0,0,0.786,0.645,0.641,0,0
20190915,150,NYA,4,6,TOR02,1.031,1,31,8,3,0,2,6,3,greec003,Chad Green,1,1.394,0.6,0.705,bichb001,Bo Bichette,6,biggc002,Cavan Biggio,4,gricr001,Randal Grichuk,9,tellr001,Rowdy Tellez,10,hernt002,Teoscar Hernandez,8,mcgur002,Reese McGuire,2,drurb001,Brandon Drury,3,mckib001,Billy McKinney,7,urenr001,Richard Urena,5,0,1,0,0,0,1,0,1,1,0,1,0,1,0,1,0,0,1,0,1.25,0,0,0,0.25,0,2.5,0.833,0,0,0,0.25,0,0.75,0,0,0.5,0,0.941,0,0,0,0.737,0,0.726,0.662,0,0.717,0,0.76,0,0.651,0,0,0.912
20190917,151,BAL,5,8,BAL12,1.088,0,37,12,1,1,3,7,3,shepc001,Chandler Shepherd,1.25,1.571,0.609,0.703,bichb001,Bo Bichette,6,biggc002,Cavan Biggio,4,gurrl001,Lourdes Gurriel,10,guerv002,Vladimir Guerrero,5,gricr001,Randal Grichuk,9,smoaj001,Justin Smoak,3,hernt002,Teoscar Hernandez,8,mckib001,Billy McKinney,7,jansd001,Danny Jansen,2,0,1,1,0,0,1,0,1,1,1,0,0,1,1,0,1,0,0,0,0.4,0.45,0,0,0.5,0,1,0,1.25,0,0,2.8,1.1,0,1,0,0,0,0.948,0.889,0,0,0.733,0,0.739,0.665,0.742,0,0,0.755,0.781,0,0.637,0,0
20190918,152,BAL,10,11,BAL12,1.088,0,42,15,2,0,2,11,9,bundd001,Dylan Bundy,2,1.4,0.519,0.702,bichb001,Bo Bichette,6,biggc002,Cavan Biggio,4,gricr001,Randal Grichuk,9,guerv002,Vladimir Guerrero,10,mcgur002,Reese McGuire,2,hernt002,Teoscar Hernandez,8,tellr001,Rowdy Tellez,3,drurb001,Brandon Drury,5,fishd001,Derek Fisher,7,0,1,0,1,0,1,0,1,0,0,1,0,1,1,1,0,0,1,0,1,0,0.5,0,0.833,0,1.133,0,0,1.3,0,0.667,0.667,0.5,0,0,2.083,0,0.939,0,0.654,0,0.73,0,0.741,0,0,0.708,0,0.786,0.785,0.652,0,0,0.89
20190919,153,BAL,4,8,BAL12,1.088,0,35,10,3,0,2,8,3,ynoag001,Gabriel Ynoa,0.984,1.46,0.704,0.701,bichb001,Bo Bichette,6,biggc002,Cavan Biggio,4,gurrl001,Lourdes Gurriel,7,guerv002,Vladimir Guerrero,5,smoaj001,Justin Smoak,10,gricr001,Randal Grichuk,8,mcgur002,Reese McGuire,2,tellr001,Rowdy Tellez,3,fishd001,Derek Fisher,9,0,1,1,1,0,0,0,1,0,1,1,0,1,1,0,0,0,1,0,0.25,1.4,0.833,0,0,0,0.75,0,0,1.167,0,1.4,1.25,0,0,0,0.833,0,0.941,0.883,0.654,0,0,0,0.745,0,0.747,0.716,0,0.784,0.783,0,0,0,0.96
20190920,154,NYA,3,4,NYC21,0.816,0,33,7,2,1,2,4,2,happj001,J.A. Happ,0.784,1.356,0.737,0.705,alfoa002,Anthony Alford,7,biggc002,Cavan Biggio,4,gurrl001,Lourdes Gurriel,10,guerv002,Vladimir Guerrero,5,gricr001,Randal Grichuk,9,hernt002,Teoscar Hernandez,8,smoaj001,Justin Smoak,3,jansd001,Danny Jansen,2,urenr001,Richard Urena,6,0,0,1,0,0,1,0,1,0,1,0,0,1,1,0,1,0,0,0,0,0,0,0,2.417,0,0,0,1.833,0,0,0.75,1,0,1.25,0,0,0,0,0.891,0,0,0.732,0,0.745,0,0.74,0,0,0.794,0.787,0,0.641,0,0
20190921,155,NYA,7,2,NYC21,0.816,0,33,6,3,0,0,2,0,paxtj001,James Paxton,0.5,1.339,0.667,0.705,davij007,Jonathan Davis,8,biggc002,Cavan Biggio,4,gurrl001,Lourdes Gurriel,10,guerv002,Vladimir Guerrero,5,gricr001,Randal Grichuk,9,hernt002,Teoscar Hernandez,7,drurb001,Brandon Drury,3,urenr001,Richard Urena,6,maill001,Luke Maile,2,0,0,1,0,0,1,1,1,0,0,0,0,1,1,1,0,1,0,0,0,0,0,0,0.75,0.667,0.75,0,0,0,0,0.5,0.75,0,0,0,0,0,0,0.88,0,0,0.746,0.39,0.74,0,0,0,0,0.793,0.789,0.65,0,0.447,0
20190922,156,NYA,8,3,NYC21,0.816,0,36,9,1,0,2,3,2,sevel001,Luis Severino,0.6,1,0.632,0.704,mckib001,Billy McKinney,9,biggc002,Cavan Biggio,4,gricr001,Randal Grichuk,8,smoaj001,Justin Smoak,10,mcgur002,Reese McGuire,2,tellr001,Rowdy Tellez,3,urenr001,Richard Urena,6,drurb001,Brandon Drury,5,fishd001,Derek Fisher,7,0,0,0,1,0,0,0,1,1,1,1,0,1,0,1,0,0,1,0,0,0,0,0,0,0,1.333,2,0,0.25,0,0.667,0,0.75,0,0,0.5,0,0,0,0.662,0,0,0,0.74,0.663,0.748,0.718,0,0.79,0,0.645,0,0,0.945
20190923,157,BAL,10,11,TOR02,1.031,1,52,13,0,0,5,11,6,shepc001,Chandler Shepherd,2.333,1.455,0.81,0.703,mckib001,Billy McKinney,9,biggc002,Cavan Biggio,4,gricr001,Randal Grichuk,10,guerv002,Vladimir Guerrero,5,tellr001,Rowdy Tellez,3,hernt002,Teoscar Hernandez,7,drurb001,Brandon Drury,6,davij007,Jonathan Davis,8,jansd001,Danny Jansen,2,0,0,0,0,0,1,1,1,1,0,1,0,1,1,1,1,0,0,0,0,0,0,0,0.286,1.429,1.262,0.8,0,1,0,1.905,0.571,0.952,0,0,0,0,0,0,0,0,0.746,0.431,0.743,0.69,0,0.714,0,0.789,0.789,0.646,0.648,0,0
20190924,158,BAL,11,4,TOR02,1.031,1,33,6,2,0,1,4,2,bundd001,Dylan Bundy,0.714,1.42,0.773,0.704,valeb001,Breyvic Valera,6,biggc002,Cavan Biggio,4,gricr001,Randal Grichuk,9,guerv002,Vladimir Guerrero,10,mcgur002,Reese McGuire,2,drurb001,Brandon Drury,5,tellr001,Rowdy Tellez,3,alfoa002,Anthony Alford,8,fishd001,Derek Fisher,7,0,0,0,1,0,0,0,1,0,0,1,0,1,1,1,0,0,1,0,0,0,1.25,0,0,0,0,0,0,1.25,0,0.25,0,0.5,0,0,0.75,0,0,0,0.647,0,0,0,0.748,0,0,0.719,0,0.801,0.785,0.651,0,0,0.915
20190925,159,BAL,2,3,TOR02,1.031,1,28,5,0,0,3,3,4,ynoag001,Gabriel Ynoa,1.5,1.431,0.875,0.705,mckib001,Billy McKinney,9,valeb001,Breyvic Valera,6,biggc002,Cavan Biggio,4,guerv002,Vladimir Guerrero,10,tellr001,Rowdy Tellez,3,hernt002,Teoscar Hernandez,8,drurb001,Brandon Drury,5,fishd001,Derek Fisher,7,maill001,Luke Maile,2,0,0,0,1,0,1,0,0,1,0,1,0,1,1,1,0,1,0,0,0,0,0.667,0,0.667,0,0,2.75,0,2.5,0,0.5,0,0,0,0,0,0,0,0,0.675,0,0.738,0,0,0.69,0,0.725,0,0.796,0.78,0.65,0,0.439,0
20190927,160,TBA,6,2,TOR02,1.031,1,31,4,2,0,1,2,2,glast001,Tyler Glasnow,0.488,0.939,0.842,0.709,mckib001,Billy McKinney,9,biggc002,Cavan Biggio,4,gricr001,Randal Grichuk,10,tellr001,Rowdy Tellez,3,guerv002,Vladimir Guerrero,5,mcgur002,Reese McGuire,2,hernt002,Teoscar Hernandez,8,urenr001,Richard Urena,6,fishd001,Derek Fisher,7,0,0,0,1,0,1,0,1,1,0,1,0,1,1,0,0,0,1,0,0,0,0,0,4,0,0,0,0,0,0,1.167,0.5,0,0,0,0,0,0,0,0.675,0,0.738,0,0.745,0.71,0,0.744,0,0.794,0.774,0,0,0,0.908
20190928,161,TBA,1,4,TOR02,1.031,1,29,8,2,1,1,4,5,yarbr001,Ryan Yarbrough,1.4,1.01,0.632,0.71,hernt002,Teoscar Hernandez,8,biggc002,Cavan Biggio,4,gricr001,Randal Grichuk,9,tellr001,Rowdy Tellez,3,drurb001,Brandon Drury,5,smoaj001,Justin Smoak,10,alfoa002,Anthony Alford,7,jansd001,Danny Jansen,2,urenr001,Richard Urena,6,0,0,0,0,0,1,0,1,0,1,1,0,1,0,1,1,0,0,0,0,0,0,0,2.75,0,1,0,0.833,1.25,0,0.833,0,0.25,0.833,0,0,0,0,0,0,0,0.755,0,0.739,0,0.74,0.737,0,0.798,0,0.645,0.638,0,0
20190929,162,TBA,3,8,TOR02,1.031,1,35,11,4,0,2,8,3,snelb001,Blake Snell,2.381,1.283,0.625,0.71,hernt002,Teoscar Hernandez,7,biggc002,Cavan Biggio,4,gricr001,Randal Grichuk,9,tellr001,Rowdy Tellez,10,smoaj001,Justin Smoak,3,valeb001,Breyvic Valera,5,urenr001,Richard Urena,6,davij007,Jonathan Davis,8,maill001,Luke Maile,2,0,0,0,0,0,1,1,1,0,1,1,0,1,0,0,0,1,0,0,0,0,0,0,2.417,1.25,0,0,1.5,0.75,0,0.4,0,0,0,0.833,0,0,0,0,0,0,0.766,0.504,0.741,0,0.741,0.742,0,0.798,0,0,0,0.428,0